time,Среднняя t,Минимальная t,Максимальная t,Суточная сумма осадков,Глубина снега,Скорость ветра,Среднее давление hPa,Относительная влажность в %
2019-05-24,13.6,8.9,17.5,0.0,0.0,4.7,1012.7,64.125
2019-05-25,15.6,11.8,18.9,0.3,0.0,4.6,1010.2,56.625
2019-05-26,18.1,14.3,23.6,0.0,0.0,2.4,1004.7,62.375
2019-05-27,16.7,12.5,21.2,0.0,0.0,4.7,1008.5,52.5
2019-05-28,22.0,15.9,28.4,0.0,0.0,2.9,1014.1,48.25
2019-05-29,23.0,18.4,29.4,0.0,0.0,3.8,1016.0,46.0
2019-05-30,21.8,18.7,28.5,1.3,0.0,3.3,1017.6,58.375
2019-05-31,18.4,15.2,23.8,0.7,0.0,3.0,1017.9,77.125
2019-06-01,17.9,13.6,22.5,0.0,0.0,4.3,1017.1,60.75
2019-06-02,18.9,9.7,26.0,0.0,0.0,2.4,1016.1,60.0
2019-06-03,17.3,14.0,21.5,0.0,0.0,6.0,1017.4,54.375
2019-06-04,17.1,8.3,24.3,0.0,0.0,2.1,1024.5,48.375
2019-06-05,19.9,10.5,26.7,0.0,0.0,2.0,1024.1,45.875
2019-06-06,22.3,12.6,29.3,0.0,0.0,1.9,1023.3,50.5
2019-06-07,24.0,14.2,30.9,0.0,0.0,1.7,1023.1,47.625
2019-06-08,24.8,16.8,30.9,0.0,0.0,1.7,1023.2,50.5
2019-06-09,25.2,17.1,31.2,0.0,0.0,1.7,1022.5,54.375
2019-06-10,23.1,18.1,27.1,0.0,0.0,3.5,1021.7,58.875
2019-06-11,22.6,15.2,28.0,0.0,0.0,3.0,1021.7,53.25
2019-06-12,20.0,14.7,24.4,0.0,0.0,3.3,1019.6,56.625
2019-06-13,15.1,9.3,20.2,0.0,0.0,4.9,1026.4,44.375
2019-06-14,17.4,10.5,21.2,10.8,0.0,2.3,1019.0,66.25
2019-06-15,16.7,13.1,20.6,0.0,0.0,3.2,1015.1,77.875
2019-06-16,17.5,12.8,22.1,0.8,0.0,3.8,1014.6,75.625
2019-06-17,20.1,12.0,26.6,0.0,0.0,2.3,1014.4,59.625
2019-06-18,21.6,17.6,26.2,0.7,0.0,3.7,1013.1,61.0
2019-06-19,22.3,15.3,27.4,0.0,0.0,4.0,1015.9,45.375
2019-06-20,23.6,16.7,30.0,0.0,0.0,1.8,1016.8,46.875
2019-06-21,24.5,17.0,30.2,0.0,0.0,1.8,1016.8,48.875
2019-06-22,25.1,20.0,30.7,0.0,0.0,3.0,1015.4,53.375
2019-06-23,21.6,18.9,26.1,0.0,0.0,6.0,1019.7,58.625
2019-06-24,20.6,16.4,24.8,0.0,0.0,6.3,1022.4,41.75
2019-06-25,18.8,12.7,22.6,0.0,0.0,5.9,1026.8,43.375
2019-06-26,17.3,13.6,22.0,3.5,0.0,1.9,1022.4,66.75
2019-06-27,15.0,12.3,15.7,17.0,0.0,3.9,1006.5,91.625
2019-06-28,12.8,10.7,14.8,25.1,0.0,6.5,991.8,94.625
2019-06-29,10.9,9.0,12.0,4.7,0.0,8.4,999.1,84.5
2019-06-30,15.1,9.2,20.5,1.6,0.0,3.4,1006.9,71.5
2019-07-01,19.7,10.8,25.6,0.0,0.0,2.2,1005.1,70.75
2019-07-02,19.3,16.6,22.1,0.0,0.0,4.4,1002.5,64.875
2019-07-03,16.1,13.1,18.5,0.0,0.0,4.0,1004.1,73.125
2019-07-04,13.9,10.8,17.1,0.0,0.0,6.5,1007.3,61.875
2019-07-05,15.2,10.8,19.3,0.0,0.0,3.7,1007.5,60.625
2019-07-06,14.6,12.2,18.5,0.0,0.0,3.1,1000.6,68.0
2019-07-07,14.5,10.6,19.1,0.0,0.0,3.0,1001.6,69.5
2019-07-08,16.7,11.9,21.8,0.0,0.0,1.9,1002.0,68.25
2019-07-09,16.7,11.5,21.8,0.0,0.0,2.7,1000.8,64.5
2019-07-10,15.7,13.0,18.9,0.0,0.0,2.8,998.6,73.75
2019-07-11,14.4,12.7,17.1,0.0,0.0,3.4,1001.7,82.625
2019-07-12,12.6,11.0,15.4,0.0,0.0,3.0,1007.2,82.875
2019-07-13,14.3,10.9,18.3,0.0,0.0,2.2,1009.2,70.0
2019-07-14,15.4,10.6,19.9,0.0,0.0,1.3,1011.2,72.75
2019-07-15,16.1,11.6,19.8,0.0,0.0,1.3,1011.4,70.25
2019-07-16,16.2,10.9,21.0,0.0,0.0,2.2,1010.7,80.125
2019-07-17,16.8,14.7,19.9,0.0,0.0,2.0,1007.6,91.25
2019-07-18,17.6,14.6,21.5,9.9,0.0,2.2,1004.5,83.0
2019-07-19,15.6,12.0,20.6,8.9,0.0,2.5,1005.6,85.25
2019-07-20,16.2,13.3,21.7,0.0,0.0,3.8,1010.5,79.125
2019-07-21,18.4,15.2,22.8,0.0,0.0,3.9,1015.7,74.625
2019-07-22,17.9,12.8,25.6,0.0,0.0,1.9,1016.0,68.5
2019-07-23,18.0,15.5,20.7,0.0,0.0,1.7,1011.8,84.125
2019-07-24,18.1,15.8,20.8,0.0,0.0,2.1,1011.3,87.875
2019-07-25,18.1,15.3,21.4,0.0,0.0,2.4,1014.2,87.5
2019-07-26,22.4,17.3,27.7,0.0,0.0,4.0,1016.7,67.25
2019-07-27,23.4,17.6,28.5,0.0,0.0,5.3,1013.6,60.5
2019-07-28,22.1,17.9,25.0,0.0,0.0,7.1,1006.9,61.25
2019-07-29,14.1,10.7,16.4,0.0,0.0,7.1,1007.8,52.25
2019-07-30,12.5,9.7,16.1,0.0,0.0,5.6,1005.6,56.875
2019-07-31,11.2,8.9,14.4,0.0,0.0,6.8,1001.4,72.375
2019-08-01,12.9,10.2,15.0,0.0,0.0,5.2,1008.3,75.5
2019-08-02,13.2,11.8,15.5,0.0,0.0,3.8,1006.6,78.0
2019-08-03,13.6,11.0,17.1,0.0,0.0,3.5,1004.4,77.75
2019-08-04,11.2,8.9,13.0,0.0,0.0,5.1,1004.6,72.5
2019-08-05,10.5,7.3,14.0,0.0,0.0,3.7,1002.8,77.5
2019-08-06,13.0,9.5,18.6,0.0,0.0,4.9,1005.1,71.25
2019-08-07,16.4,11.1,21.0,0.0,0.0,2.4,1010.1,71.5
2019-08-08,19.5,14.1,25.5,0.0,0.0,2.3,1007.3,72.5
2019-08-09,16.4,14.3,19.0,0.0,0.0,6.1,997.5,90.25
2019-08-10,13.9,12.2,16.9,0.0,0.0,8.1,1006.3,84.375
2019-08-11,14.3,10.2,19.1,0.0,0.0,5.7,1014.8,67.75
2019-08-12,15.3,8.3,21.3,0.0,0.0,1.7,1018.3,75.125
2019-08-13,18.5,11.3,23.4,0.0,0.0,2.5,1015.5,71.5
2019-08-14,19.8,17.4,22.5,0.0,0.0,3.8,1011.8,73.5
2019-08-15,19.2,15.3,22.9,0.0,0.0,4.7,1010.6,74.5
2019-08-16,15.7,13.5,18.7,0.0,0.0,3.8,1014.9,73.375
2019-08-17,15.6,13.7,17.7,0.0,0.0,5.7,1013.7,78.375
2019-08-18,19.3,15.0,22.2,0.0,0.0,3.7,1009.1,85.75
2019-08-19,17.9,15.5,21.2,0.0,0.0,1.9,1016.3,83.25
2019-08-20,20.7,13.4,27.5,0.0,0.0,1.3,1021.7,71.375
2019-08-21,20.9,16.6,25.1,0.0,0.0,2.3,1024.3,79.375
2019-08-22,19.9,14.5,25.3,0.0,0.0,4.3,1022.2,74.625
2019-08-23,16.9,11.4,22.2,0.0,0.0,3.0,1028.4,67.125
2019-08-24,17.6,10.7,23.4,0.0,0.0,2.8,1024.8,67.0
2019-08-25,16.0,12.6,20.4,0.0,0.0,4.9,1026.6,69.875
2019-08-26,16.0,9.1,22.2,0.0,0.0,1.9,1027.8,70.125
2019-08-27,17.8,14.8,20.7,0.0,0.0,7.1,1020.5,63.25
2019-08-28,13.7,10.4,17.4,0.0,0.0,6.7,1027.0,60.5
2019-08-29,15.0,7.8,22.2,0.0,0.0,2.6,1027.3,59.375
2019-08-30,17.2,10.2,24.8,0.0,0.0,1.2,1022.3,59.875
2019-08-31,17.2,11.9,23.8,0.0,0.0,1.3,1021.2,79.125
2019-09-01,17.9,12.1,24.4,0.0,0.0,1.7,1018.8,71.5
2019-09-02,18.2,13.4,22.8,0.0,0.0,2.0,1016.4,74.25
2019-09-03,18.2,12.2,23.4,0.0,0.0,2.0,1016.8,73.0
2019-09-04,18.4,14.3,23.1,0.0,0.0,3.1,1014.7,58.25
2019-09-05,15.9,14.4,17.8,0.0,0.0,1.8,1017.2,90.75
2019-09-06,17.1,12.1,23.3,0.0,0.0,1.5,1018.2,78.5
2019-09-07,17.1,11.9,22.0,0.0,0.0,3.3,1023.6,75.0
2019-09-08,16.7,11.8,22.2,0.0,0.0,2.1,1028.4,75.375
2019-09-09,17.0,11.2,23.1,0.0,0.0,1.2,1028.9,72.375
2019-09-10,17.6,10.6,25.1,0.0,0.0,1.5,1028.4,72.75
2019-09-11,19.2,12.1,26.6,0.0,0.0,1.5,1029.2,62.125
2019-09-12,18.8,10.8,25.8,0.0,0.0,1.8,1026.8,54.375
2019-09-13,18.3,11.8,22.6,0.0,0.0,2.5,1019.2,54.375
2019-09-14,14.1,9.8,17.6,0.0,0.0,6.3,1013.2,60.25
2019-09-15,10.2,7.4,13.7,0.0,0.0,4.3,1013.8,74.5
2019-09-16,11.8,9.0,14.6,0.0,0.0,5.5,998.2,77.75
2019-09-17,10.1,8.3,11.4,0.0,0.0,4.9,997.3,79.75
2019-09-18,9.2,6.5,13.4,0.0,0.0,2.2,998.5,80.25
2019-09-19,8.2,5.4,11.4,0.0,0.0,4.3,1007.6,77.875
2019-09-20,6.2,3.6,9.7,0.0,0.0,1.1,1013.6,86.5
2019-09-21,6.0,2.8,8.8,0.0,0.0,2.8,1013.3,76.5
2019-09-22,5.5,3.7,6.3,0.0,0.0,7.2,1002.3,85.5
2019-09-23,5.1,3.4,7.6,0.0,0.0,7.4,1013.9,71.125
2019-09-24,4.4,1.3,6.9,0.0,0.0,2.7,1018.1,76.625
2019-09-25,4.7,2.4,8.2,0.0,0.0,1.2,1019.2,76.5
2019-09-26,6.8,3.4,11.7,0.0,0.0,0.9,1017.7,75.75
2019-09-27,6.5,1.4,10.5,0.0,0.0,2.1,1016.4,80.0
2019-09-28,8.4,5.3,11.8,0.0,0.0,1.7,1018.6,77.875
2019-09-29,9.1,7.3,10.7,0.0,0.0,3.8,1011.1,82.25
2019-09-30,11.7,9.3,14.0,0.0,0.0,3.4,1001.6,89.625
2019-10-01,13.1,8.2,16.0,0.0,0.0,4.6,995.3,86.25
2019-10-02,11.4,6.2,15.5,0.0,0.0,3.8,1005.5,75.25
2019-10-03,15.7,12.0,20.9,0.0,0.0,4.0,1007.3,65.375
2019-10-04,11.3,6.2,15.4,0.0,0.0,3.8,1005.6,76.75
2019-10-05,7.1,3.9,10.3,0.0,0.0,2.8,1011.7,75.375
2019-10-06,2.4,0.7,5.4,0.0,0.0,10.0,1010.4,90.25
2019-10-07,2.3,1.1,3.7,0.0,0.0,6.8,1009.0,81.875
2019-10-08,2.6,0.5,5.2,0.0,0.0,3.9,1014.0,69.75
2019-10-09,4.4,3.0,6.0,0.0,0.0,3.9,1011.5,83.375
2019-10-10,7.2,5.4,8.8,0.0,0.0,2.7,1008.7,88.25
2019-10-11,8.8,7.6,10.4,0.0,0.0,3.0,1008.8,88.625
2019-10-12,9.9,7.8,12.0,0.0,0.0,5.4,1008.9,83.5
2019-10-13,10.0,7.5,12.0,0.0,0.0,5.6,1008.7,81.625
2019-10-14,10.8,7.3,17.2,0.0,0.0,4.1,1013.9,78.375
2019-10-15,9.7,4.1,16.6,0.0,0.0,7.0,1017.8,70.875
2019-10-16,5.2,0.3,8.2,0.0,0.0,4.3,1026.3,72.125
2019-10-17,12.7,8.0,17.5,0.0,0.0,4.1,1015.3,69.5
2019-10-18,12.7,10.9,14.9,0.0,0.0,2.9,1015.9,79.5
2019-10-19,12.5,9.1,15.7,0.0,0.0,1.6,1020.4,78.625
2019-10-20,13.9,12.0,16.7,0.0,0.0,1.9,1020.5,72.0
2019-10-21,13.6,9.8,17.3,0.0,0.0,3.9,1018.3,75.625
2019-10-22,9.1,7.9,10.8,0.0,0.0,3.3,1022.1,84.25
2019-10-23,11.9,10.1,13.4,0.0,0.0,4.9,1016.4,74.375
2019-10-24,10.1,9.0,11.3,0.0,0.0,1.8,1020.8,73.125
2019-10-25,9.4,6.8,12.6,0.0,0.0,1.7,1021.9,71.125
2019-10-26,10.9,8.3,13.4,0.0,0.0,5.1,1014.3,77.25
2019-10-27,12.8,11.3,14.0,0.0,0.0,7.0,1003.3,77.5
2019-10-28,6.9,2.6,12.6,0.0,0.0,7.3,1005.6,60.5
2019-10-29,3.4,1.6,5.6,0.0,0.0,3.4,1011.8,73.875
2019-10-30,-0.3,-2.1,3.1,0.0,0.0,8.5,1012.4,84.875
2019-10-31,-2.9,-3.7,-2.2,0.0,0.0,7.0,1022.7,73.25
2019-11-01,0.1,-2.7,0.6,0.0,0.0,5.2,1016.9,76.625
2019-11-02,1.9,-0.1,3.9,0.5,10.0,3.7,1017.8,84.0
2019-11-03,2.8,1.7,5.3,3.0,0.0,6.9,1011.2,85.75
2019-11-04,7.1,3.3,9.3,0.5,0.0,6.3,1006.2,90.5
2019-11-05,10.5,8.7,12.9,5.1,0.0,7.0,997.7,89.625
2019-11-06,10.1,9.4,11.1,7.1,0.0,4.3,998.3,85.25
2019-11-07,4.1,3.0,10.6,0.0,0.0,4.1,1007.3,89.875
2019-11-08,3.1,1.9,4.2,0.0,0.0,2.2,1021.1,94.5
2019-11-09,2.7,1.8,5.0,0.0,0.0,5.9,1028.0,96.125
2019-11-10,7.4,2.7,9.6,0.3,0.0,6.3,1022.1,93.125
2019-11-11,7.2,6.5,8.9,0.0,0.0,6.7,1015.9,89.625
2019-11-12,4.7,2.3,8.1,3.0,0.0,5.7,1020.1,85.75
2019-11-13,3.6,2.1,5.3,0.0,0.0,4.0,1030.2,77.75
2019-11-14,3.7,1.2,7.5,0.0,0.0,5.7,1029.0,81.375
2019-11-15,2.7,0.7,6.2,0.0,0.0,5.6,1030.8,81.875
2019-11-16,2.9,0.9,4.7,0.0,0.0,4.6,1028.7,88.25
2019-11-17,5.3,3.7,6.7,0.0,0.0,2.2,1030.0,90.75
2019-11-18,3.3,2.1,4.3,0.0,0.0,1.2,1029.9,94.5
2019-11-19,3.2,1.8,5.1,0.0,0.0,3.4,1032.9,93.0
2019-11-20,0.9,-3.2,4.9,0.0,0.0,5.8,1041.4,80.875
2019-11-21,-6.9,-8.5,-5.3,0.0,0.0,5.2,1049.2,72.125
2019-11-22,-6.3,-10.7,-3.0,0.0,0.0,3.0,1047.9,68.0
2019-11-23,-6.9,-11.2,-3.8,0.0,0.0,2.3,1043.6,72.25
2019-11-24,-5.6,-8.1,-3.0,0.0,0.0,2.7,1038.3,67.375
2019-11-25,-4.6,-6.1,-1.5,0.0,0.0,1.7,1032.8,66.875
2019-11-26,-4.4,-10.2,-1.1,0.0,0.0,2.6,1026.0,74.375
2019-11-27,-0.8,-1.3,-0.5,0.0,0.0,3.9,1018.8,80.75
2019-11-28,-0.8,-1.7,-0.1,0.3,10.0,3.9,1015.6,81.5
2019-11-29,1.8,-0.6,2.8,0.0,0.0,7.5,1009.1,91.875
2019-11-30,1.8,0.9,3.5,7.1,0.0,5.2,1000.9,93.75
2019-12-01,-2.7,-3.6,-1.7,0.0,0.0,6.0,1011.7,71.375
2019-12-02,-3.4,-5.2,-2.2,0.0,0.0,5.0,1015.2,83.5
2019-12-03,-2.2,-2.9,-1.5,0.8,10.0,2.7,1010.9,82.75
2019-12-04,-1.7,-3.2,-0.8,4.1,20.0,5.6,1010.8,84.5
2019-12-05,1.8,-1.3,2.5,0.3,41.0,5.8,1009.5,94.625
2019-12-06,1.6,1.3,2.0,0.8,0.0,6.2,1006.9,83.71428571428571
2019-12-07,1.0,0.1,1.9,0.5,0.0,5.2,1005.7,79.875
2019-12-08,1.6,-0.7,3.0,0.3,0.0,5.5,1002.7,81.75
2019-12-09,3.6,2.2,4.4,0.5,0.0,5.5,1005.3,80.75
2019-12-10,3.4,3.0,4.1,0.5,0.0,3.3,1012.5,91.375
2019-12-11,1.7,-0.4,3.7,0.0,0.0,3.2,1020.4,90.0
2019-12-12,1.9,-0.2,3.2,0.0,0.0,3.9,1024.4,87.25
2019-12-13,0.9,0.0,2.7,0.0,0.0,6.4,1019.4,81.5
2019-12-14,-0.3,-1.6,0.6,0.5,10.0,7.7,1017.0,87.25
2019-12-15,0.1,-1.7,1.8,1.5,10.0,7.0,1011.6,93.875
2019-12-16,2.3,0.7,3.0,3.6,0.0,3.9,1008.8,90.125
2019-12-17,2.3,1.7,3.1,2.0,0.0,4.2,1013.0,90.5
2019-12-18,3.2,-1.2,5.7,1.0,0.0,2.8,1011.5,94.125
2019-12-19,4.2,2.9,6.5,0.0,0.0,10.5,1007.1,67.125
2019-12-20,0.6,-0.2,1.6,0.0,0.0,4.9,1019.8,75.125
2019-12-21,1.6,-1.0,2.9,0.0,0.0,5.1,1013.2,70.5
2019-12-22,2.6,1.8,3.0,0.0,0.0,6.7,1006.8,90.625
2019-12-23,5.0,2.6,6.2,5.1,0.0,6.6,1004.9,95.5
2019-12-24,4.1,1.3,7.0,3.0,0.0,4.9,1010.1,94.875
2019-12-25,0.4,0.2,0.8,0.0,0.0,4.8,1011.9,96.875
2019-12-26,-0.3,-0.8,0.9,0.0,0.0,2.4,1011.8,97.25
2019-12-27,-0.8,-1.1,-0.2,4.1,0.0,2.0,1011.6,95.375
2019-12-28,-1.5,-3.1,-0.1,0.0,0.0,6.3,1021.4,87.375
2019-12-29,-3.6,-4.4,-2.3,0.0,0.0,4.5,1031.6,87.625
2019-12-30,-2.5,-4.2,-0.4,3.0,10.0,5.8,1017.4,88.625
2019-12-31,1.2,-0.6,2.0,1.3,20.0,6.1,994.9,93.375
2020-01-01,-1.0,-3.0,1.9,1.0,10.0,7.0,1006.4,82.75
2020-01-02,0.5,-1.9,1.7,3.0,30.0,5.3,1010.6,93.0
2020-01-03,0.9,-0.4,2.0,0.0,20.0,5.0,1011.1,92.5
2020-01-04,-0.7,-1.3,0.3,2.0,0.0,4.6,1002.2,88.625
2020-01-05,0.4,-1.6,1.3,0.0,20.0,4.3,1009.7,81.625
2020-01-06,-0.9,-2.0,-0.1,0.3,20.0,2.6,1024.9,75.625
2020-01-07,-1.3,-2.2,-0.2,0.0,20.0,3.6,1025.0,78.75
2020-01-08,0.4,-0.8,1.1,0.0,20.0,4.2,1022.1,85.875
2020-01-09,0.7,-0.9,2.2,3.3,61.0,4.9,1012.5,87.875
2020-01-10,0.9,0.4,1.5,0.0,41.0,3.5,1015.5,84.0
2020-01-11,-0.6,-2.9,0.6,0.0,51.0,2.2,1015.9,94.0
2020-01-12,-2.0,-6.0,0.2,0.0,71.0,4.7,1015.3,86.5
2020-01-13,1.6,-0.6,2.5,3.6,61.0,5.7,1008.2,91.0
2020-01-14,0.4,-0.7,1.5,0.0,41.0,4.0,1019.2,80.875
2020-01-15,2.0,-1.3,2.9,0.0,30.0,5.3,1021.6,79.0
2020-01-16,2.9,2.3,3.1,1.3,20.0,7.1,1017.6,87.25
2020-01-17,3.3,2.3,4.5,1.0,10.0,4.1,1024.3,87.25
2020-01-18,0.9,-1.0,2.9,0.0,10.0,3.2,1026.0,84.625
2020-01-19,-0.2,-1.5,0.4,0.0,0.0,4.1,1026.2,89.625
2020-01-20,1.9,0.2,2.9,0.0,0.0,5.8,1025.6,86.625
2020-01-21,2.5,0.8,3.4,5.1,0.0,7.4,1009.0,90.125
2020-01-22,0.3,-1.2,3.8,3.3,0.0,8.0,998.1,79.125
2020-01-23,-4.2,-5.3,-1.1,2.0,61.0,8.6,1006.2,71.5
2020-01-24,-1.5,-6.8,1.4,4.1,51.0,4.6,1005.2,86.875
2020-01-25,1.1,-0.1,2.3,5.1,30.0,6.5,997.6,88.5
2020-01-26,-0.4,-1.6,1.1,0.5,30.0,6.4,1007.8,76.125
2020-01-27,-1.1,-4.3,2.4,2.0,20.0,5.7,1012.4,77.375
2020-01-28,-4.5,-6.2,-2.6,6.1,41.0,6.2,1013.9,85.875
2020-01-29,0.2,-3.5,1.2,0.5,79.0,3.5,1009.2,94.75
2020-01-30,-0.3,-1.3,0.9,5.1,71.0,4.4,1002.2,93.125
2020-01-31,0.1,-0.9,1.8,0.5,109.0,1.3,1000.1,91.0
2020-02-01,-0.1,-1.5,2.2,0.5,109.0,1.5,1004.6,90.0
2020-02-02,0.7,-1.9,2.2,7.6,99.0,5.6,994.2,93.125
2020-02-03,1.6,0.8,3.1,3.0,71.0,6.1,984.9,91.625
2020-02-04,-1.4,-3.0,-0.7,0.8,61.0,7.2,991.1,72.0
2020-02-05,-4.8,-6.1,-3.6,0.5,71.0,6.9,1005.9,72.125
2020-02-06,-5.0,-7.8,-1.7,3.3,71.0,6.2,1002.6,75.625
2020-02-07,-9.3,-10.4,-8.5,0.0,79.0,10.8,1009.7,75.625
2020-02-08,-10.9,-15.0,-6.6,0.0,71.0,3.8,1022.2,83.25
2020-02-09,-3.1,-11.3,-1.0,0.0,61.0,3.4,1021.5,81.75
2020-02-10,-0.3,-2.0,2.8,0.0,61.0,7.5,1006.3,71.875
2020-02-11,0.1,-1.4,1.3,6.1,79.0,7.2,993.1,89.375
2020-02-12,0.1,-1.4,1.7,1.0,71.0,6.8,999.2,86.5
2020-02-13,-2.1,-3.1,-0.8,0.8,79.0,4.5,1006.6,84.0
2020-02-14,0.0,-1.6,2.5,1.8,99.0,2.5,1015.5,88.5
2020-02-15,-1.1,-4.2,2.2,0.0,89.0,1.5,1025.9,83.875
2020-02-16,0.6,-2.9,1.7,0.0,89.0,4.5,1025.2,78.75
2020-02-17,3.9,1.4,5.7,0.5,89.0,8.0,1010.8,72.875
2020-02-18,4.8,3.8,6.0,0.0,71.0,4.9,1009.9,76.875
2020-02-19,3.4,2.9,4.7,0.0,51.0,4.8,1009.4,79.125
2020-02-20,3.2,1.6,7.7,0.0,30.0,3.3,1016.9,73.625
2020-02-21,2.6,-2.7,7.8,0.0,20.0,1.8,1022.0,77.5
2020-02-22,2.8,-1.6,6.7,0.0,20.0,4.0,1021.6,73.125
2020-02-23,1.6,0.5,2.7,7.9,51.0,6.5,999.3,85.0
2020-02-24,2.3,1.2,4.6,0.0,30.0,4.2,994.8,76.875
2020-02-25,-0.3,-1.6,2.6,0.0,30.0,5.0,1000.8,65.625
2020-02-26,-0.2,-5.4,1.9,3.0,30.0,3.2,997.9,81.625
2020-02-27,1.6,-0.3,3.1,2.0,30.0,2.5,996.1,96.875
2020-02-28,1.1,-0.6,3.3,0.5,30.0,4.2,998.1,79.25
2020-02-29,-0.7,-2.3,1.4,0.8,30.0,5.7,1005.1,75.75
2020-03-01,2.3,-3.3,5.4,0.0,30.0,4.8,1010.5,72.625
2020-03-02,3.4,2.1,5.1,7.1,30.0,5.1,1010.6,86.0
2020-03-03,3.5,2.2,4.9,3.6,10.0,4.8,1012.6,86.5
2020-03-04,4.6,3.2,7.2,0.0,10.0,3.2,1017.6,90.625
2020-03-05,4.6,2.4,7.6,0.0,0.0,9.7,1017.2,85.125
2020-03-06,5.1,3.7,6.4,1.0,0.0,8.6,1012.0,81.625
2020-03-07,7.6,5.5,12.0,0.0,0.0,4.9,1013.3,80.375
2020-03-08,5.9,3.6,8.6,2.3,0.0,3.4,1014.4,87.25
2020-03-09,7.1,1.0,12.0,0.0,0.0,2.0,1019.8,76.125
2020-03-10,5.8,4.3,8.2,15.0,0.0,1.9,1012.7,89.875
2020-03-11,6.3,4.2,9.0,0.8,0.0,2.4,1001.8,92.375
2020-03-12,6.3,4.2,9.1,1.8,0.0,6.9,995.9,73.875
2020-03-13,4.3,3.1,6.8,3.8,0.0,9.5,991.8,75.0
2020-03-14,0.8,-3.2,8.2,1.5,0.0,6.0,999.9,71.75
2020-03-15,-4.5,-6.5,-2.0,8.4,79.0,10.0,1013.3,75.625
2020-03-16,0.5,-8.7,6.0,0.0,61.0,4.0,1022.9,57.5
2020-03-17,4.5,0.5,9.3,0.0,41.0,4.2,1021.4,44.625
2020-03-18,6.7,1.8,10.5,0.0,10.0,5.0,1021.8,60.625
2020-03-19,7.8,4.6,11.0,0.0,0.0,7.5,1010.3,51.375
2020-03-20,3.4,1.4,5.8,0.3,0.0,5.4,1013.9,67.0
2020-03-21,-1.1,-2.9,1.4,0.0,0.0,7.1,1020.2,61.375
2020-03-22,-2.7,-5.4,0.4,0.0,0.0,7.0,1032.2,46.375
2020-03-23,-2.1,-5.6,1.6,0.0,0.0,7.4,1037.8,47.125
2020-03-24,-0.7,-4.6,3.9,0.0,0.0,7.4,1035.3,42.25
2020-03-25,4.6,-2.6,12.2,0.0,0.0,4.5,1033.3,37.5
2020-03-26,7.4,0.6,16.2,0.0,0.0,4.0,1032.8,29.875
2020-03-27,8.3,0.8,15.5,0.0,0.0,1.8,1033.3,41.5
2020-03-28,10.0,0.6,17.4,0.0,0.0,2.3,1023.0,50.0
2020-03-29,10.2,2.5,17.4,0.0,0.0,2.3,1010.1,47.625
2020-03-30,-0.8,-2.7,6.3,1.0,0.0,10.8,1009.0,79.25
2020-03-31,-3.7,-4.5,-1.7,5.1,30.0,11.0,1013.2,75.5
2020-04-01,-0.6,-7.6,3.9,0.3,41.0,5.4,1007.7,56.875
2020-04-02,3.2,0.6,4.9,0.5,10.0,5.8,1003.1,76.625
2020-04-03,7.2,3.5,10.5,0.0,0.0,6.0,1004.2,55.0
2020-04-04,4.2,2.3,8.0,1.0,0.0,4.3,1012.9,57.5
2020-04-05,2.1,-1.7,5.0,0.0,0.0,5.5,1023.3,55.875
2020-04-06,1.2,-2.0,4.2,0.0,0.0,7.8,1031.2,41.75
2020-04-07,3.6,-5.4,9.9,0.0,0.0,2.5,1032.9,50.25
2020-04-08,8.9,5.9,12.5,0.0,0.0,5.2,1017.2,52.125
2020-04-09,9.6,0.1,15.7,0.0,0.0,3.0,1014.4,56.125
2020-04-10,7.1,3.2,10.9,0.0,0.0,7.5,1009.4,60.375
2020-04-11,1.9,-1.3,5.1,0.0,0.0,5.6,1015.8,70.875
2020-04-12,2.6,-2.3,6.7,0.0,0.0,4.0,1020.5,59.625
2020-04-13,8.8,1.9,15.7,0.0,0.0,5.1,1009.2,32.375
2020-04-14,7.3,3.4,11.3,0.0,0.0,3.7,1002.3,62.625
2020-04-15,3.4,1.4,5.5,0.0,0.0,3.4,1001.7,64.75
2020-04-16,3.4,1.3,5.8,0.0,0.0,5.0,993.1,87.375
2020-04-17,3.6,1.1,6.2,0.0,0.0,6.9,996.8,80.375
2020-04-18,2.8,0.1,5.3,0.0,0.0,5.3,1004.8,80.875
2020-04-19,3.5,1.7,6.8,0.0,0.0,2.8,1011.0,77.875
2020-04-20,3.9,-0.5,8.2,0.0,0.0,5.8,1016.8,75.375
2020-04-21,5.7,0.7,9.9,0.0,0.0,11.9,1018.3,54.5
2020-04-22,5.3,3.4,6.8,0.0,0.0,13.1,1013.7,41.25
2020-04-23,5.7,2.2,10.4,0.0,0.0,7.4,1010.3,32.25
2020-04-24,4.3,-0.9,8.2,0.0,0.0,2.1,1003.7,62.5
2020-04-25,5.6,3.3,8.0,0.0,0.0,2.6,997.4,78.125
2020-04-26,5.2,-1.1,9.4,0.0,0.0,3.1,1002.6,56.125
2020-04-27,5.7,-0.6,10.6,0.0,0.0,3.1,1004.9,49.25
2020-04-28,6.3,2.8,9.8,0.0,0.0,4.9,1008.5,52.0
2020-04-29,9.3,6.1,13.2,0.0,0.0,7.1,1000.2,50.5
2020-04-30,5.3,1.9,8.3,0.0,0.0,5.8,1011.4,58.375
2020-05-01,7.4,2.9,12.8,0.0,0.0,3.8,1016.0,48.125
2020-05-02,9.4,2.1,15.7,0.0,0.0,4.9,1016.5,44.25
2020-05-03,16.1,9.9,24.4,0.0,0.0,5.2,1012.9,52.25
2020-05-04,15.2,12.1,19.3,0.0,0.0,3.0,1013.8,76.875
2020-05-05,16.4,12.8,21.1,0.0,0.0,2.8,1009.9,76.375
2020-05-06,15.8,13.0,19.9,0.0,0.0,3.9,1004.1,85.125
2020-05-07,14.9,11.8,18.8,0.0,0.0,3.7,1001.9,77.125
2020-05-08,10.5,8.2,13.0,0.0,0.0,4.2,1010.0,80.0
2020-05-09,11.5,8.9,14.4,0.0,0.0,6.2,1010.8,65.75
2020-05-10,13.3,10.1,16.7,0.0,0.0,10.1,1006.2,48.5
2020-05-11,15.6,9.3,20.7,0.0,0.0,3.8,1006.6,35.75
2020-05-12,18.1,13.6,24.6,0.0,0.0,6.2,997.2,51.75
2020-05-13,8.3,2.9,12.4,0.0,0.0,8.3,1007.3,56.25
2020-05-14,9.7,6.7,14.1,0.0,0.0,3.5,1011.6,50.5
2020-05-15,9.1,5.4,12.3,0.0,0.0,5.0,1010.2,51.625
2020-05-16,9.6,5.0,13.4,0.0,0.0,3.0,1010.7,55.25
2020-05-17,10.2,7.0,14.7,0.0,0.0,4.7,1010.6,64.125
2020-05-18,7.8,4.1,12.4,0.0,0.0,4.7,1005.8,76.625
2020-05-19,7.4,3.9,11.2,0.0,0.0,5.7,1010.2,68.125
2020-05-20,8.5,2.0,14.6,0.0,0.0,2.5,1007.6,67.625
2020-05-21,5.8,4.5,7.6,0.0,0.0,5.8,1008.2,81.25
2020-05-22,5.8,3.3,8.8,0.0,0.0,6.3,1012.7,83.875
2020-05-23,6.2,3.9,9.1,0.0,0.0,3.1,1019.6,84.75
2020-05-24,7.5,5.3,9.5,0.0,0.0,2.2,1019.3,85.375
2020-05-25,12.2,6.6,17.6,0.0,0.0,1.9,1022.3,68.0
2020-05-26,13.6,7.1,18.8,0.0,0.0,1.9,1027.7,64.625
2020-05-27,13.8,10.5,19.3,0.8,0.0,1.0,1024.5,69.375
2020-05-28,16.0,8.7,21.2,0.0,0.0,2.1,1023.0,60.125
2020-05-29,13.7,11.6,15.2,0.0,0.0,2.5,1017.7,91.0
2020-05-30,17.2,13.4,22.7,0.0,0.0,6.4,1012.2,83.625
2020-05-31,10.5,9.3,12.1,34.0,0.0,9.5,1011.0,89.375
2020-06-01,9.5,8.1,11.5,0.0,0.0,6.8,1013.5,85.75
2020-06-02,9.9,9.1,10.5,4.1,0.0,5.2,1014.8,82.125
2020-06-03,11.8,9.3,13.5,13.0,0.0,4.0,1010.8,94.75
2020-06-04,14.3,12.7,17.3,0.0,0.0,3.0,1003.5,90.75
2020-06-05,14.4,9.8,19.3,0.0,0.0,3.8,1009.6,77.625
2020-06-06,16.7,10.5,20.9,0.0,0.0,2.5,1012.5,77.25
2020-06-07,20.7,16.0,27.0,0.0,0.0,1.5,1015.9,75.75
2020-06-08,22.5,16.5,29.0,0.0,0.0,2.1,1017.8,69.125
2020-06-09,23.2,17.8,28.3,0.0,0.0,3.3,1018.6,64.5
2020-06-10,22.9,17.7,28.4,0.0,0.0,2.1,1018.4,71.875
2020-06-11,23.5,15.9,30.0,0.0,0.0,1.8,1016.7,67.25
2020-06-12,20.0,17.0,23.9,0.0,0.0,3.8,1016.1,78.0
2020-06-13,13.8,10.5,17.3,0.0,0.0,5.3,1019.6,76.625
2020-06-14,16.3,10.9,21.7,0.0,0.0,5.4,1022.6,56.25
2020-06-15,19.1,14.3,23.0,0.0,0.0,4.4,1021.9,50.25
2020-06-16,22.4,16.6,29.3,0.0,0.0,1.8,1018.3,58.375
2020-06-17,24.5,17.8,30.6,0.0,0.0,1.3,1017.0,51.25
2020-06-18,23.6,17.8,29.2,0.0,0.0,1.8,1016.8,75.75
2020-06-19,23.6,18.3,29.6,0.0,0.0,1.8,1016.1,76.125
2020-06-20,22.8,19.3,27.6,0.0,0.0,2.7,1014.4,70.375
2020-06-21,15.0,11.3,20.1,29.0,0.0,4.4,1017.6,74.375
2020-06-22,17.3,9.5,22.9,0.0,0.0,2.2,1018.0,58.625
2020-06-23,18.3,13.4,23.5,0.0,0.0,1.6,1017.1,61.25
2020-06-24,20.3,14.1,25.4,0.0,0.0,6.4,1020.8,52.0
2020-06-25,20.2,13.0,27.7,0.0,0.0,3.3,1023.9,57.875
2020-06-26,21.1,15.9,25.7,0.0,0.0,2.8,1024.2,63.375
2020-06-27,24.0,18.0,28.9,0.0,0.0,4.0,1016.1,55.0
2020-06-28,22.0,17.8,27.3,0.0,0.0,2.7,1009.7,60.625
2020-06-29,17.5,14.4,20.1,0.0,0.0,4.5,1011.1,53.625
2020-06-30,18.3,11.4,23.0,0.0,0.0,4.1,1009.7,51.375
2020-07-01,19.9,16.5,24.5,0.0,0.0,3.0,1007.1,63.75
2020-07-02,20.0,14.4,24.8,0.0,0.0,1.6,1010.9,81.625
2020-07-03,21.3,16.6,27.5,0.0,0.0,1.9,1012.5,81.0
2020-07-04,21.7,17.5,25.8,3.0,0.0,1.2,1012.4,81.75
2020-07-05,21.8,17.9,25.5,0.0,0.0,0.8,1011.5,74.625
2020-07-06,23.6,17.8,28.3,0.0,0.0,1.6,1009.7,65.875
2020-07-07,23.8,18.1,30.2,0.0,0.0,2.8,1007.3,69.25
2020-07-08,21.2,16.6,26.2,0.0,0.0,3.3,1003.8,79.25
2020-07-09,15.9,12.7,20.0,0.0,0.0,4.7,1011.6,76.0
2020-07-10,17.6,11.4,21.7,0.0,0.0,1.7,1019.3,60.0
2020-07-11,21.6,15.6,27.5,0.0,0.0,3.4,1018.3,56.57142857142857
2020-07-12,22.1,17.0,28.6,0.0,0.0,2.4,1015.6,71.875
2020-07-13,18.9,14.1,24.9,0.0,0.0,4.6,1010.9,79.375
2020-07-14,16.6,15.7,18.6,14.0,0.0,9.4,1007.8,89.0
2020-07-15,17.7,16.3,21.1,7.9,0.0,4.8,1000.8,85.375
2020-07-16,15.3,14.8,17.3,9.9,0.0,2.7,1005.0,91.25
2020-07-17,15.8,14.1,17.9,0.0,0.0,2.3,1012.6,83.0
2020-07-18,16.6,13.7,19.4,0.0,0.0,3.4,1017.7,81.375
2020-07-19,17.8,14.0,20.8,0.0,0.0,3.0,1017.0,78.0
2020-07-20,17.7,14.7,22.7,0.0,0.0,2.0,1013.0,84.375
2020-07-21,17.9,15.8,21.5,0.0,0.0,3.0,1007.0,88.625
2020-07-22,17.4,15.1,19.6,0.0,0.0,3.3,1004.9,81.875
2020-07-23,15.0,12.1,19.1,0.0,0.0,3.1,1008.6,71.5
2020-07-24,14.6,9.6,18.9,0.0,0.0,2.0,1012.8,72.625
2020-07-25,16.4,9.1,21.7,0.0,0.0,1.3,1017.9,66.625
2020-07-26,18.5,13.0,23.4,0.0,0.0,1.2,1019.0,68.625
2020-07-27,19.5,15.6,24.8,0.0,0.0,1.9,1019.9,83.375
2020-07-28,21.8,16.0,27.7,0.0,0.0,1.9,1018.0,71.625
2020-07-29,21.2,18.0,28.9,4.8,0.0,2.2,1013.6,67.375
2020-07-30,19.2,16.0,22.5,0.0,0.0,3.7,1011.1,70.75
2020-07-31,15.7,12.8,20.2,0.0,0.0,2.9,1007.7,76.5
2020-08-01,15.9,11.8,20.8,0.0,0.0,2.6,1004.7,78.5
2020-08-02,15.9,13.1,19.2,0.0,0.0,6.8,1009.1,67.75
2020-08-03,17.2,12.0,21.5,0.0,0.0,1.3,1015.5,66.0
2020-08-04,19.4,12.3,25.1,0.0,0.0,1.5,1018.7,62.0
2020-08-05,20.6,13.9,26.5,0.0,0.0,1.5,1020.1,61.875
2020-08-06,21.1,15.6,27.2,0.0,0.0,2.8,1021.8,68.125
2020-08-07,20.2,15.1,24.0,0.0,0.0,5.1,1024.9,61.75
2020-08-08,19.6,14.2,24.1,0.0,0.0,3.8,1022.1,70.625
2020-08-09,19.5,15.8,24.4,0.0,0.0,5.0,1017.1,67.375
2020-08-10,19.7,13.2,25.9,0.0,0.0,2.0,1015.3,69.5
2020-08-11,16.9,13.4,19.1,0.0,0.0,5.4,1013.7,70.25
2020-08-12,14.2,12.1,17.1,0.0,0.0,5.2,1013.2,80.625
2020-08-13,13.3,11.9,14.5,0.0,0.0,7.5,1013.1,91.25
2020-08-14,13.4,10.9,15.6,0.0,0.0,6.3,1016.1,76.5
2020-08-15,14.4,9.9,18.5,0.0,0.0,2.3,1017.0,74.125
2020-08-16,17.2,12.0,21.8,0.0,0.0,1.6,1012.7,77.25
2020-08-17,18.7,14.7,22.3,0.0,0.0,4.4,1009.7,70.625
2020-08-18,15.4,10.6,19.9,0.0,0.0,3.4,1012.3,67.875
2020-08-19,15.4,10.4,20.4,0.0,0.0,1.5,1013.2,72.5
2020-08-20,16.0,10.6,21.0,0.0,0.0,1.8,1016.3,62.875
2020-08-21,15.8,9.1,22.4,0.0,0.0,1.9,1019.4,69.375
2020-08-22,17.9,11.4,24.3,0.0,0.0,2.8,1019.7,70.5
2020-08-23,18.8,12.0,24.9,0.0,0.0,1.0,1016.0,68.5
2020-08-24,18.4,14.4,22.7,0.0,0.0,2.0,1010.7,68.875
2020-08-25,19.1,14.4,24.4,0.0,0.0,0.9,1012.5,73.875
2020-08-26,16.5,13.1,18.8,0.0,0.0,1.8,1006.1,91.5
2020-08-27,16.0,11.0,20.8,0.0,0.0,1.7,1007.2,75.125
2020-08-28,16.7,14.3,19.4,0.0,0.0,0.5,1003.9,84.375
2020-08-29,15.3,12.6,19.2,0.0,0.0,2.2,1012.2,81.75
2020-08-30,18.0,12.1,23.3,0.0,0.0,1.9,1014.2,80.375
2020-08-31,23.2,17.3,30.2,0.0,0.0,2.8,1009.7,58.0
2020-09-01,19.4,14.3,24.0,0.0,0.0,3.9,1013.4,65.125
2020-09-02,15.3,11.1,19.9,0.0,0.0,3.6,1026.6,70.875
2020-09-03,17.3,12.1,23.1,0.0,0.0,4.3,1027.9,61.375
2020-09-04,18.2,13.6,22.5,0.0,0.0,3.6,1023.4,47.125
2020-09-05,17.8,15.0,21.3,0.0,0.0,3.0,1019.8,49.875
2020-09-06,18.6,11.7,24.7,0.0,0.0,1.8,1017.9,57.75
2020-09-07,18.1,12.6,24.2,0.0,0.0,0.7,1018.3,74.25
2020-09-08,14.9,10.7,19.5,0.0,0.0,2.3,1013.9,73.375
2020-09-09,12.5,10.7,15.0,0.0,0.0,2.8,1008.9,86.875
2020-09-10,13.4,10.3,15.6,0.0,0.0,3.7,1006.6,87.75
2020-09-11,12.1,9.2,15.2,0.0,0.0,5.4,1012.6,71.75
2020-09-12,13.1,7.7,17.3,0.0,0.0,1.4,1022.8,65.625
2020-09-13,14.0,10.3,18.0,0.0,0.0,3.4,1017.4,69.625
2020-09-14,12.4,8.9,15.6,0.0,0.0,4.3,1016.3,75.875
2020-09-15,12.7,9.4,17.0,0.0,0.0,4.4,1018.4,75.0
2020-09-16,11.4,6.2,16.0,0.0,0.0,2.3,1022.5,71.625
2020-09-17,15.3,10.3,21.9,0.0,0.0,4.0,1008.1,77.25
2020-09-18,8.8,8.2,13.5,9.9,0.0,3.9,1004.4,86.125
2020-09-19,9.6,6.4,14.1,0.0,0.0,6.2,1011.3,78.625
2020-09-20,9.1,6.5,11.8,0.0,0.0,6.3,1016.3,71.125
2020-09-21,10.4,6.1,14.0,0.0,0.0,4.0,1016.3,77.25
2020-09-22,14.8,11.0,20.1,0.0,0.0,3.9,1013.7,70.125
2020-09-23,15.0,8.6,21.4,0.0,0.0,1.1,1016.3,78.25
2020-09-24,14.6,8.4,21.9,0.0,0.0,0.6,1018.4,81.25
2020-09-25,14.6,7.7,22.2,0.0,0.0,2.0,1019.5,75.875
2020-09-26,14.6,9.6,21.0,0.0,0.0,3.5,1021.3,67.875
2020-09-27,13.9,10.3,18.1,0.0,0.0,4.2,1025.2,56.0
2020-09-28,10.6,8.8,13.7,0.0,0.0,4.5,1026.6,65.125
2020-09-29,12.7,9.4,16.8,0.0,0.0,3.2,1025.6,62.25
2020-09-30,12.0,5.1,18.0,0.0,0.0,3.4,1024.4,61.25
2020-10-01,12.4,5.8,17.5,0.0,0.0,3.9,1026.1,65.875
2020-10-02,11.9,5.4,19.5,0.0,0.0,2.8,1028.1,68.5
2020-10-03,12.1,6.9,18.6,0.0,0.0,2.2,1030.1,74.125
2020-10-04,12.3,5.7,19.2,0.0,0.0,2.8,1030.6,68.0
2020-10-05,13.6,9.5,19.2,0.0,0.0,3.1,1030.1,58.5
2020-10-06,13.7,8.2,19.3,0.0,0.0,3.1,1024.8,50.125
2020-10-07,13.9,9.9,16.8,0.0,0.0,3.9,1021.7,45.0
2020-10-08,14.1,11.8,16.4,0.0,0.0,3.8,1023.6,50.25
2020-10-09,11.1,9.4,13.5,0.0,0.0,2.5,1023.6,59.75
2020-10-10,11.7,9.6,16.0,0.0,0.0,0.9,1022.9,81.0
2020-10-11,10.2,6.1,13.4,0.0,0.0,2.1,1021.1,72.5
2020-10-12,11.4,9.1,12.7,0.0,0.0,0.9,1017.6,85.625
2020-10-13,13.3,10.1,16.5,0.0,0.0,0.9,1018.4,86.75
2020-10-14,13.1,8.8,18.0,0.0,0.0,1.1,1016.3,87.5
2020-10-15,12.9,10.4,14.8,0.0,0.0,2.9,1011.7,73.625
2020-10-16,6.5,2.7,11.3,0.0,0.0,3.0,1013.2,83.375
2020-10-17,3.5,2.2,4.9,0.0,0.0,1.4,1020.2,77.875
2020-10-18,4.2,1.5,7.9,0.0,0.0,4.9,1003.4,94.375
2020-10-19,4.4,2.2,6.0,0.0,0.0,4.6,1009.6,80.375
2020-10-20,3.2,1.9,4.6,0.0,0.0,5.3,1013.2,81.5
2020-10-21,2.2,0.8,3.5,0.0,0.0,2.4,1021.5,81.75
2020-10-22,4.8,2.5,6.6,6.9,0.0,2.5,1015.6,91.875
2020-10-23,11.4,6.6,14.3,8.9,0.0,5.0,1004.6,85.75
2020-10-24,9.8,8.2,11.5,0.0,0.0,3.4,1007.6,83.125
2020-10-25,7.7,3.9,9.1,0.0,0.0,2.2,1013.2,83.875
2020-10-26,8.8,6.1,11.4,0.0,0.0,1.0,1023.2,79.75
2020-10-27,8.0,5.5,10.9,0.0,0.0,3.5,1026.7,77.25
2020-10-28,7.8,5.7,10.4,0.0,0.0,4.0,1024.0,75.75
2020-10-29,7.0,4.3,8.9,0.0,0.0,2.8,1022.5,81.5
2020-10-30,5.0,3.0,5.9,0.0,0.0,2.0,1017.8,79.25
2020-10-31,6.2,4.4,8.0,0.0,0.0,2.1,1020.4,84.25
2020-11-01,5.2,4.0,6.9,1.0,0.0,3.9,1024.5,85.375
2020-11-02,5.8,3.9,6.6,2.0,0.0,3.5,1023.2,95.25
2020-11-03,7.2,5.8,8.6,0.5,0.0,3.2,1025.0,91.5
2020-11-04,8.6,7.8,9.6,0.0,0.0,2.2,1027.7,84.625
2020-11-05,7.4,6.6,8.7,3.3,0.0,5.0,1020.7,83.0
2020-11-06,6.5,5.7,7.3,4.6,0.0,7.8,1009.4,79.0
2020-11-07,7.3,4.4,9.9,0.0,0.0,7.5,1014.3,71.875
2020-11-08,7.1,4.3,10.0,5.3,0.0,6.2,1013.7,87.0
2020-11-09,1.1,-1.2,2.4,0.0,0.0,5.5,1023.0,82.75
2020-11-10,2.8,1.4,3.6,0.5,0.0,7.1,1024.8,78.875
2020-11-11,1.0,0.2,2.2,0.0,0.0,5.0,1030.5,74.5
2020-11-12,0.7,-2.9,3.0,0.0,0.0,2.1,1032.0,89.125
2020-11-13,3.2,2.5,4.4,0.3,0.0,1.1,1032.0,89.5
2020-11-14,1.9,0.4,3.4,0.0,0.0,1.1,1029.9,91.375
2020-11-15,1.1,0.3,1.5,0.0,0.0,4.3,1030.8,87.375
2020-11-16,-1.6,-3.5,0.8,0.0,0.0,6.4,1035.4,80.25
2020-11-17,-5.2,-7.1,-3.5,0.0,0.0,6.9,1039.6,69.0
2020-11-18,-2.8,-5.3,-1.1,0.5,0.0,7.0,1035.4,75.75
2020-11-19,0.4,-2.6,1.2,4.1,10.0,7.2,1023.9,93.25
2020-11-20,0.4,-0.4,1.0,4.1,0.0,6.3,1018.4,89.625
2020-11-21,0.2,-0.4,0.9,0.5,51.0,1.1,1027.6,90.625
2020-11-22,-1.6,-2.2,-0.4,3.0,41.0,4.6,1021.6,85.0
2020-11-23,0.1,-2.2,2.3,4.6,99.0,3.0,1010.2,93.75
2020-11-24,2.2,1.4,3.2,4.1,41.0,2.9,1008.9,93.875
2020-11-25,1.2,0.2,2.2,0.8,10.0,2.0,1014.9,90.125
2020-11-26,0.3,-1.1,1.5,4.1,10.0,2.2,1018.6,87.625
2020-11-27,1.6,0.0,2.2,1.0,10.0,3.2,1010.7,90.5
2020-11-28,1.5,0.3,2.0,2.3,0.0,2.2,1021.1,94.125
2020-11-29,2.2,0.8,3.1,2.0,0.0,7.2,1028.1,93.625
2020-11-30,1.2,0.4,3.1,1.5,0.0,9.0,1029.3,90.625
2020-12-01,-1.2,-2.0,0.2,2.5,20.0,6.0,1031.8,91.875
2020-12-02,-3.6,-5.8,-1.7,0.0,30.0,3.3,1036.7,86.75
2020-12-03,-6.1,-8.0,-4.5,0.0,20.0,4.1,1035.0,83.125
2020-12-04,-4.2,-5.1,-3.2,1.0,30.0,6.5,1034.8,85.5
2020-12-05,-4.9,-6.7,-3.4,0.0,30.0,6.1,1038.4,74.875
2020-12-06,-6.1,-8.8,-2.8,0.0,30.0,2.5,1043.2,63.5
2020-12-07,-7.3,-9.3,-4.1,0.0,20.0,1.7,1045.0,77.5
2020-12-08,-8.7,-10.6,-4.9,0.0,20.0,1.9,1043.6,81.25
2020-12-09,-9.1,-12.2,-4.0,0.0,20.0,2.0,1042.2,81.5
2020-12-10,-8.5,-12.6,-5.6,0.0,20.0,2.5,1038.4,77.0
2020-12-11,-7.3,-9.7,-4.4,0.0,20.0,2.6,1034.2,75.5
2020-12-12,-9.0,-11.1,-7.1,0.0,20.0,3.0,1032.5,77.25
2020-12-13,-5.8,-9.4,-4.7,2.5,30.0,5.2,1029.5,82.125
2020-12-14,-5.3,-5.8,-3.7,0.0,51.0,5.1,1026.2,86.25
2020-12-15,-4.1,-5.8,-3.3,5.3,99.0,1.2,1022.3,90.75
2020-12-16,-2.9,-4.4,-1.0,0.0,99.0,1.2,1024.0,92.125
2020-12-17,0.9,-1.6,2.0,2.3,119.0,5.0,1019.1,92.125
2020-12-18,-0.5,-2.1,1.8,0.0,79.0,3.7,1026.2,81.5
2020-12-19,-2.2,-2.5,-1.5,1.8,89.0,4.9,1027.6,92.5
2020-12-20,-0.6,-2.7,1.1,0.5,99.0,3.4,1030.4,93.625
2020-12-21,1.3,0.5,1.9,0.0,79.0,3.1,1032.2,91.625
2020-12-22,-1.7,-3.9,1.3,0.0,61.0,3.3,1030.6,92.25
2020-12-23,-4.1,-6.5,-2.0,0.0,61.0,5.9,1023.5,82.0
2020-12-24,-4.9,-7.5,-2.9,1.5,71.0,4.9,1018.6,85.875
2020-12-25,-3.5,-5.1,-1.8,8.9,99.0,9.1,1008.1,91.625
2020-12-26,-0.9,-4.3,0.2,2.0,140.0,4.2,1006.2,88.25
2020-12-27,-5.6,-8.8,-1.5,1.0,140.0,4.2,1018.5,78.625
2020-12-28,-7.4,-9.9,-5.6,0.0,140.0,2.1,1032.1,87.25
2020-12-29,-6.5,-10.5,-4.5,0.0,130.0,7.0,1027.6,87.0
2020-12-30,-3.5,-5.2,-2.4,1.0,140.0,5.8,1022.6,92.25
2020-12-31,-2.1,-4.5,0.5,0.5,140.0,6.5,1019.9,96.25
2021-01-01,-0.3,-1.5,0.6,5.1,109.0,7.3,1018.2,95.375
2021-01-02,-0.1,-0.8,0.8,6.1,119.0,4.7,1017.5,96.25
2021-01-03,0.3,-0.6,1.0,0.5,160.0,2.7,1027.6,88.0
2021-01-04,-0.7,-1.6,8.0,2.0,150.0,3.6,1023.4,93.5
2021-01-05,-1.7,-2.1,-0.6,0.3,180.0,3.8,1023.1,93.625
2021-01-06,-3.5,-3.9,-2.9,0.8,170.0,2.2,1024.9,87.75
2021-01-07,-4.9,-5.5,-4.4,4.3,211.0,1.8,1021.4,87.625
2021-01-08,-4.2,-5.4,-2.7,0.5,211.0,3.7,1014.9,91.625
2021-01-09,-6.0,-6.4,-4.2,1.3,211.0,5.2,1014.4,90.25
2021-01-10,-8.2,-9.1,-6.6,1.3,221.0,6.6,1016.4,87.5
2021-01-11,-8.4,-9.5,-7.3,0.5,211.0,1.7,1021.3,87.25
2021-01-12,-10.3,-11.4,-9.0,0.8,211.0,1.6,1022.2,86.375
2021-01-13,-12.0,-13.4,-10.2,0.3,239.0,4.7,1021.4,85.25
2021-01-14,-13.8,-15.4,-12.3,10.9,340.0,6.5,1008.7,87.625
2021-01-15,-15.3,-18.6,-13.3,0.0,340.0,2.2,1011.5,81.625
2021-01-16,-16.1,-17.3,-15.2,9.9,330.0,7.2,1008.1,84.375
2021-01-17,-19.7,-21.2,-16.7,1.0,399.0,4.9,1014.8,80.375
2021-01-18,-17.1,-23.6,-14.9,0.0,381.0,0.3,1020.2,83.625
2021-01-19,-13.6,-17.5,-11.9,0.3,361.0,0.4,1018.2,84.125
2021-01-20,-8.4,-12.2,-5.5,0.8,351.0,1.9,1019.1,81.875
2021-01-21,-10.7,-13.8,-9.4,4.1,340.0,1.8,1016.4,83.125
2021-01-22,-4.1,-9.4,-0.3,1.0,371.0,1.8,1011.7,91.625
2021-01-23,0.8,-1.4,1.9,0.0,361.0,2.9,1010.6,93.625
2021-01-24,1.2,0.2,3.2,0.0,330.0,4.4,1013.1,98.0
2021-01-25,2.1,0.9,3.3,0.5,279.0,8.4,1012.8,81.875
2021-01-26,1.0,-0.4,2.3,0.5,239.0,8.8,1008.7,90.875
2021-01-27,1.7,0.1,2.1,0.0,221.0,7.6,1005.0,71.5
2021-01-28,0.2,-1.3,0.9,5.3,221.0,3.0,1005.5,89.375
2021-01-29,0.1,-0.4,1.4,2.8,259.0,7.9,996.5,88.125
2021-01-30,-2.6,-3.2,-1.6,3.0,269.0,6.1,994.3,81.0
2021-01-31,-3.7,-4.5,-3.0,4.1,300.0,3.8,995.2,87.5
2021-02-01,-2.8,-4.1,-0.4,0.3,310.0,5.0,1008.2,75.25
2021-02-02,-7.7,-11.5,-3.1,0.0,300.0,0.7,1017.4,87.875
2021-02-03,-6.1,-9.5,-3.0,1.0,290.0,3.6,1012.6,88.375
2021-02-04,-2.9,-5.4,-0.2,4.1,310.0,3.1,1004.8,86.875
2021-02-05,-10.3,-11.9,13.9,3.3,330.0,7.7,1010.0,79.75
2021-02-06,-15.3,-16.8,9.6,0.0,320.0,7.3,1010.6,71.25
2021-02-07,-13.9,-18.3,-11.3,0.5,310.0,6.1,1014.0,76.25
2021-02-08,-14.4,-19.3,-9.8,0.3,310.0,3.2,1021.7,76.625
2021-02-09,-14.7,-18.8,-12.1,2.0,300.0,2.9,1022.3,83.5
2021-02-10,-13.5,-14.7,-11.5,0.0,340.0,4.1,1017.3,82.75
2021-02-11,-14.4,-16.6,-12.3,0.0,0.0,3.2,1019.2,85.125
2021-02-12,-14.7,-15.6,-13.8,0.0,0.0,8.8,1016.4,84.25
2021-02-13,-13.3,-15.4,-12.6,0.0,0.0,9.2,1007.3,85.125
2021-02-14,-13.7,-15.7,-11.5,1.8,589.0,8.1,1010.6,75.25
2021-02-15,-16.3,-18.6,-12.9,0.0,569.0,4.4,1024.6,73.375
2021-02-16,-14.7,-22.2,-11.2,1.0,551.0,3.0,1022.8,78.875
2021-02-17,-11.3,-12.9,-7.1,1.5,579.0,2.6,1015.6,83.375
2021-02-18,-15.8,-19.2,-12.7,0.0,569.0,3.2,1022.9,81.125
2021-02-19,-15.8,-18.4,-10.1,0.0,551.0,2.6,1024.1,69.0
2021-02-20,-12.3,-18.2,-6.7,0.0,0.0,0.5,1026.7,80.75
2021-02-21,-7.9,-10.9,-5.8,0.0,0.0,2.7,1021.9,86.75
2021-02-22,-13.9,-18.1,-8.2,1.0,559.0,4.7,1029.5,80.5
2021-02-23,-19.2,-24.5,-15.9,0.0,559.0,1.6,1045.3,62.875
2021-02-24,-14.3,-16.9,-12.1,2.0,541.0,4.7,1036.7,71.75
2021-02-25,-1.9,-12.7,2.6,7.1,569.0,3.9,1016.4,93.125
2021-02-26,4.3,2.1,6.4,1.5,541.0,6.4,1005.9,89.125
2021-02-27,0.3,-1.9,4.0,1.0,450.0,8.5,1007.7,78.875
2021-02-28,0.1,-1.0,2.1,0.8,450.0,3.8,1016.1,81.25
2021-03-01,1.1,-1.7,4.5,0.0,439.0,3.4,1021.1,79.625
2021-03-02,3.3,1.0,5.4,0.5,429.0,7.2,1009.9,70.875
2021-03-03,0.8,-2.4,3.4,0.3,419.0,6.5,1013.5,64.125
2021-03-04,0.9,-2.5,2.5,1.5,409.0,5.2,1003.7,74.875
2021-03-05,-4.2,-7.0,-1.1,1.0,391.0,4.3,1006.5,70.125
2021-03-06,-6.8,-11.0,-3.8,0.0,399.0,3.0,1015.3,77.125
2021-03-07,-4.9,-7.9,-1.9,3.8,399.0,5.9,999.1,81.625
2021-03-08,-6.7,-8.5,-4.9,3.6,480.0,6.5,1001.0,76.875
2021-03-09,-12.9,-14.4,-10.3,0.0,480.0,6.4,1016.8,71.125
2021-03-10,-16.7,-21.3,-12.3,0.0,470.0,5.1,1027.6,59.375
2021-03-11,-12.2,-20.7,-5.9,0.0,460.0,1.6,1030.3,51.625
2021-03-12,-9.0,-14.8,-4.7,0.0,450.0,7.8,1020.9,48.75
2021-03-13,-3.8,-7.6,-1.4,3.0,439.0,7.3,1012.7,80.875
2021-03-14,0.7,-2.2,2.7,3.3,460.0,6.2,1009.3,89.375
2021-03-15,2.6,1.8,4.0,4.1,429.0,4.9,1008.8,88.5
2021-03-16,1.6,-0.4,3.3,1.0,409.0,2.7,1015.6,92.5
2021-03-17,0.3,-1.0,2.6,0.0,381.0,3.2,1013.6,76.5
2021-03-18,0.6,-1.3,2.5,0.3,381.0,2.4,1009.2,83.375
2021-03-19,-0.3,-2.5,2.3,0.0,0.0,5.3,1013.3,77.25
2021-03-20,-2.5,-6.1,1.0,0.0,361.0,4.2,1016.2,66.0
2021-03-21,-1.2,-5.0,2.4,1.5,361.0,4.4,1003.6,72.5
2021-03-22,0.6,-1.2,3.1,1.5,361.0,4.4,1000.2,76.625
2021-03-23,-1.3,-4.2,1.8,0.0,0.0,5.4,1011.6,68.0
2021-03-24,-0.1,-8.2,6.8,0.0,351.0,2.2,1019.8,61.625
2021-03-25,4.6,-1.4,11.6,0.0,0.0,2.3,1017.2,55.25
2021-03-26,4.1,-2.1,9.8,0.0,310.0,2.7,1017.7,71.5
2021-03-27,4.5,0.3,9.6,0.0,0.0,3.9,1021.4,65.125
2021-03-28,4.3,-3.2,12.0,0.0,249.0,1.7,1026.7,61.0
2021-03-29,3.9,-3.4,8.5,0.0,211.0,3.8,1032.4,47.5
2021-03-30,3.9,0.2,8.0,1.0,191.0,4.9,1030.0,49.375
2021-03-31,4.7,1.9,7.5,7.4,170.0,5.4,1016.4,93.625
2021-04-01,6.5,4.4,8.1,0.0,0.0,3.4,1010.0,93.875
2021-04-02,2.8,0.5,4.1,0.0,0.0,3.4,1005.7,84.875
2021-04-03,2.3,-2.7,6.4,0.0,0.0,1.8,1007.7,80.625
2021-04-04,2.8,-2.0,6.2,0.0,0.0,2.8,1010.1,68.875
2021-04-05,4.9,0.2,8.2,0.0,0.0,4.5,1004.3,54.25
2021-04-06,6.8,2.3,11.4,0.0,0.0,6.1,1003.3,48.375
2021-04-07,6.8,3.6,11.0,0.0,0.0,5.7,1003.0,69.875
2021-04-08,2.5,1.0,5.1,0.0,0.0,4.3,999.6,91.75
2021-04-09,4.2,-0.4,8.2,0.0,0.0,3.4,1019.8,64.25
2021-04-10,7.1,0.9,12.3,0.0,0.0,4.4,1025.5,44.375
2021-04-11,10.3,3.2,16.8,0.0,0.0,2.7,1028.3,41.375
2021-04-12,10.9,3.6,16.1,0.0,0.0,4.5,1031.1,47.25
2021-04-13,15.6,7.8,22.3,0.0,0.0,5.8,1024.0,47.375
2021-04-14,16.4,11.7,21.5,0.0,0.0,4.3,1018.8,37.125
2021-04-15,13.9,8.9,20.3,0.0,0.0,4.8,1016.3,48.125
2021-04-16,12.1,7.3,17.9,0.0,0.0,5.9,1019.7,51.375
2021-04-17,12.3,7.7,18.6,0.0,0.0,6.3,1021.6,37.75
2021-04-18,10.3,6.6,14.6,0.0,0.0,5.6,1021.6,36.625
2021-04-19,9.4,6.6,14.6,0.0,0.0,5.7,1023.2,44.75
2021-04-20,5.7,2.5,9.5,0.0,0.0,5.7,1020.8,57.5
2021-04-21,3.7,0.4,6.4,12.2,0.0,3.5,1007.5,87.625
2021-04-22,10.1,5.3,15.9,0.0,0.0,4.2,1013.6,69.75
2021-04-23,10.3,6.4,15.6,0.0,0.0,4.4,1013.9,75.25
2021-04-24,4.0,2.5,5.8,0.0,0.0,4.7,1007.6,91.25
2021-04-25,4.2,1.2,7.5,0.0,0.0,7.5,1007.6,67.375
2021-04-26,5.0,1.1,8.2,0.0,0.0,4.9,1011.5,54.5
2021-04-27,3.2,1.5,4.7,0.0,0.0,3.1,1008.2,84.125
2021-04-28,5.2,1.7,8.5,0.0,0.0,4.4,1012.7,77.125
2021-04-29,6.6,1.7,10.8,0.0,0.0,3.1,1018.7,59.75
2021-04-30,10.2,5.8,15.9,0.0,0.0,4.8,1009.8,62.625
2021-05-01,9.6,6.6,12.2,0.0,0.0,6.2,1010.4,61.375
2021-05-02,9.6,3.4,14.2,0.0,0.0,2.1,1016.3,48.875
2021-05-03,11.4,8.3,16.3,0.0,0.0,6.0,1002.2,77.5
2021-05-04,5.7,2.1,8.9,0.0,0.0,5.6,1001.7,70.625
2021-05-05,8.8,4.3,13.0,0.0,0.0,5.0,1006.6,67.25
2021-05-06,11.8,7.1,16.5,0.0,0.0,5.3,1005.5,73.25
2021-05-07,10.5,5.9,14.0,0.0,0.0,3.8,1010.9,51.625
2021-05-08,9.2,8.0,10.3,0.0,0.0,5.1,1007.5,81.5
2021-05-09,7.0,4.4,9.3,0.0,0.0,7.9,1011.8,73.125
2021-05-10,10.3,3.9,15.7,0.0,0.0,6.2,1025.6,37.125
2021-05-11,13.9,5.7,20.9,0.0,0.0,4.9,1026.7,44.25
2021-05-12,15.8,10.6,23.9,0.0,0.0,3.5,1023.4,72.75
2021-05-13,13.8,8.5,19.8,0.0,0.0,4.6,1017.7,63.375
2021-05-14,16.3,9.3,22.7,0.0,0.0,3.2,1015.2,68.875
2021-05-15,18.7,13.8,25.6,0.0,0.0,3.8,1008.5,64.5
2021-05-16,17.8,12.8,23.3,0.0,0.0,2.7,1012.3,62.5
2021-05-17,21.5,11.6,29.7,0.0,0.0,4.2,1011.8,53.5
2021-05-18,24.5,17.3,30.9,0.0,0.0,6.0,1007.4,29.125
2021-05-19,21.9,18.6,24.6,0.0,0.0,5.8,1005.7,39.5
2021-05-20,17.1,14.9,19.2,0.0,0.0,4.7,1003.8,71.25
2021-05-21,13.8,11.5,16.0,0.0,0.0,4.3,1005.6,75.875
2021-05-22,15.1,8.2,20.8,0.0,0.0,2.7,1014.0,51.375
2021-05-23,16.7,11.7,22.4,0.0,0.0,3.9,1012.7,52.625
2021-05-24,15.2,10.5,20.0,0.0,0.0,3.4,1017.0,53.5
2021-05-25,15.5,9.5,20.5,0.0,0.0,2.9,1022.5,51.875
2021-05-26,17.9,9.8,23.6,0.0,0.0,2.9,1020.4,51.875
2021-05-27,17.1,14.6,20.0,0.0,0.0,1.4,1017.8,81.375
2021-05-28,18.1,14.9,23.5,1.0,0.0,0.9,1013.7,79.0
2021-05-29,15.2,11.2,19.4,0.0,0.0,6.5,1010.4,85.375
2021-05-30,10.6,7.4,13.9,0.0,0.0,10.1,1016.5,60.0
2021-05-31,9.7,6.9,13.0,0.0,0.0,5.4,1020.3,55.125
2021-06-01,11.6,4.2,16.6,0.0,0.0,4.3,1020.9,55.75
2021-06-02,14.8,7.0,20.6,0.0,0.0,5.9,1023.6,48.625
2021-06-03,15.6,9.8,20.4,0.0,0.0,7.1,1025.0,43.5
2021-06-04,17.0,10.4,22.9,0.0,0.0,5.5,1024.1,48.125
2021-06-05,18.3,12.1,23.6,0.0,0.0,4.3,1018.5,46.75
2021-06-06,18.1,11.4,23.0,0.0,0.0,3.2,1014.4,69.375
2021-06-07,17.4,14.2,23.5,0.8,0.0,2.4,1012.6,79.125
2021-06-08,16.7,13.5,24.4,2.0,0.0,2.6,1011.8,81.0
2021-06-09,16.9,14.5,19.0,0.0,0.0,4.2,1012.0,82.625
2021-06-10,14.5,13.7,16.5,7.9,0.0,5.2,1012.9,86.25
2021-06-11,15.2,12.8,17.8,18.0,0.0,4.0,1012.8,91.875
2021-06-12,17.8,14.6,21.7,0.0,0.0,1.1,1009.5,82.125
2021-06-13,19.9,14.2,24.9,0.0,0.0,1.6,1006.8,68.0
2021-06-14,21.0,14.5,26.6,0.0,0.0,1.8,1013.3,61.5
2021-06-15,21.4,16.0,26.8,0.0,0.0,1.6,1013.1,75.875
2021-06-16,20.0,16.1,23.8,0.0,0.0,6.1,1013.5,62.0
2021-06-17,19.3,12.1,24.1,0.0,0.0,4.3,1023.3,48.5
2021-06-18,21.3,12.7,27.4,0.0,0.0,1.7,1026.8,51.875
2021-06-19,23.4,15.9,29.6,0.0,0.0,1.8,1025.0,51.25
2021-06-20,24.7,16.6,31.0,0.0,0.0,1.8,1022.0,55.75
2021-06-21,25.8,19.5,31.4,0.0,0.0,2.1,1020.6,52.375
2021-06-22,26.9,18.2,33.7,0.0,0.0,1.7,1020.4,53.375
2021-06-23,28.2,20.0,35.0,0.0,0.0,1.7,1020.6,55.125
2021-06-24,28.8,21.1,35.0,0.0,0.0,1.2,1019.4,52.25
2021-06-25,27.9,22.0,33.0,0.0,0.0,2.0,1016.3,53.5
2021-06-26,27.6,21.9,32.7,0.0,0.0,1.8,1013.4,50.625
2021-06-27,27.1,21.6,32.3,0.0,0.0,2.1,1011.3,63.75
2021-06-28,23.7,20.2,29.5,0.0,0.0,3.2,1005.4,80.0
2021-06-29,20.0,17.6,21.8,0.0,0.0,3.7,1004.9,82.375
2021-06-30,18.2,15.4,20.6,0.0,0.0,3.5,1006.5,75.25
2021-07-01,20.4,17.3,24.1,0.0,0.0,4.4,1007.7,77.25
2021-07-02,19.7,17.5,22.0,0.0,0.0,5.3,1009.9,80.125
2021-07-03,19.2,15.8,21.9,0.0,0.0,5.3,1011.8,72.75
2021-07-04,19.4,15.8,23.5,0.0,0.0,3.4,1013.7,72.125
2021-07-05,21.6,15.4,26.3,0.0,0.0,4.1,1015.8,46.75
2021-07-06,22.3,15.5,27.9,0.0,0.0,2.7,1018.3,49.875
2021-07-07,23.2,14.5,29.4,0.0,0.0,2.1,1022.5,48.625
2021-07-08,24.7,16.6,31.1,0.0,0.0,2.0,1025.0,52.0
2021-07-09,26.0,18.2,32.1,0.0,0.0,2.6,1022.9,53.625
2021-07-10,26.8,20.6,31.8,0.0,0.0,3.8,1018.7,54.375
2021-07-11,26.9,21.9,31.0,0.0,0.0,3.5,1017.9,52.0
2021-07-12,25.6,19.5,31.1,0.0,0.0,2.2,1019.5,50.0
2021-07-13,27.0,19.0,32.9,0.0,0.0,1.6,1018.1,50.5
2021-07-14,27.4,21.4,32.8,0.0,0.0,2.1,1016.0,53.5
2021-07-15,24.6,19.8,31.1,0.0,0.0,1.6,1012.6,79.875
2021-07-16,25.8,18.5,31.5,0.0,0.0,3.2,1011.2,66.625
2021-07-17,25.1,21.0,30.9,0.0,0.0,3.1,1011.1,73.875
2021-07-18,24.6,19.3,29.5,0.0,0.0,1.6,1009.1,74.125
2021-07-19,24.2,19.6,29.2,0.0,0.0,2.4,1007.0,72.875
2021-07-20,22.6,19.1,26.1,0.0,0.0,4.3,1008.0,59.5
2021-07-21,20.1,15.9,24.3,0.0,0.0,3.5,1008.5,57.375
2021-07-22,17.9,14.0,21.5,0.0,0.0,6.6,1010.2,53.25
2021-07-23,17.8,14.1,21.7,0.0,0.0,3.9,1008.0,64.0
2021-07-24,17.2,14.1,21.0,0.0,0.0,4.1,1013.2,59.0
2021-07-25,18.4,12.1,22.8,0.0,0.0,1.2,1020.2,61.0
2021-07-26,20.6,12.8,26.2,0.0,0.0,1.8,1022.1,58.625
2021-07-27,22.6,14.6,28.6,0.0,0.0,1.9,1020.0,56.5
2021-07-28,20.4,16.2,25.6,0.0,0.0,2.5,1014.6,73.625
2021-07-29,21.6,17.7,26.2,0.0,0.0,3.2,1006.6,76.75
2021-07-30,21.4,18.7,25.1,0.0,0.0,1.2,1004.7,83.125
2021-07-31,21.6,17.5,25.8,0.0,0.0,3.2,1005.4,60.125
2021-08-01,21.3,16.2,25.5,0.0,0.0,2.1,1010.0,65.75
2021-08-02,23.3,18.1,29.7,0.0,0.0,2.8,1007.2,74.125
2021-08-03,19.6,17.4,24.3,19.1,0.0,3.2,1007.9,74.125
2021-08-04,18.7,13.8,24.1,0.5,0.0,2.4,1015.1,68.25
2021-08-05,17.4,12.2,24.0,3.0,0.0,1.6,1016.3,79.0
2021-08-06,18.9,14.3,28.0,6.4,0.0,1.8,1011.5,87.125
2021-08-07,21.0,17.5,26.0,5.1,0.0,3.3,1009.1,85.5
2021-08-08,21.6,18.9,25.5,0.0,0.0,2.0,1014.3,83.5
2021-08-09,22.9,16.5,29.5,0.0,0.0,1.6,1017.6,76.25
2021-08-10,22.5,19.4,28.9,0.8,0.0,2.3,1015.9,76.25
2021-08-11,20.5,18.5,22.0,0.0,0.0,2.0,1014.8,89.25
2021-08-12,19.6,17.5,22.0,0.0,0.0,2.0,1010.5,92.875
2021-08-13,18.2,15.6,22.3,0.0,0.0,3.2,1015.2,77.375
2021-08-14,19.1,13.8,24.8,0.0,0.0,1.9,1020.4,73.125
2021-08-15,21.4,13.4,26.5,0.0,0.0,2.6,1015.6,68.0
2021-08-16,22.4,16.5,28.3,0.0,0.0,2.5,1014.0,64.0
2021-08-17,24.5,17.2,30.4,0.0,0.0,1.6,1013.8,66.0
2021-08-18,22.9,18.7,30.9,21.1,0.0,2.2,1010.7,69.375
2021-08-19,20.4,17.2,23.6,0.0,0.0,1.5,1010.1,85.125
2021-08-20,20.1,15.3,24.9,0.0,0.0,2.8,1012.9,66.0
2021-08-21,18.9,16.8,20.9,0.0,0.0,6.2,1012.4,65.125
2021-08-22,16.8,13.9,19.6,0.0,0.0,3.5,1013.4,74.25
2021-08-23,16.4,10.8,21.0,0.0,0.0,2.1,1018.7,70.125
2021-08-24,14.7,10.3,19.4,0.0,0.0,2.4,1019.9,72.875
2021-08-25,14.9,8.2,19.7,0.0,0.0,1.8,1017.9,66.75
2021-08-26,17.1,13.1,19.8,5.1,0.0,3.4,1014.8,84.375
2021-08-27,18.0,15.3,22.7,3.0,0.0,3.8,1019.5,79.25
2021-08-28,17.3,13.3,21.3,0.0,0.0,4.3,1021.0,67.625
2021-08-29,18.1,13.0,23.5,0.5,0.0,3.1,1017.2,68.375
2021-08-30,18.9,15.2,23.9,3.0,0.0,2.1,1015.5,84.5
2021-08-31,19.8,16.6,25.6,2.0,0.0,3.1,1012.4,80.75
2021-09-01,16.8,12.8,19.9,0.0,0.0,2.9,1003.0,83.75
2021-09-02,11.7,8.9,13.4,0.0,0.0,4.7,1005.1,76.875
2021-09-03,7.7,5.4,12.7,10.9,0.0,4.0,1002.2,86.25
2021-09-04,8.1,6.3,10.6,0.0,0.0,6.5,1005.6,78.75
2021-09-05,6.7,5.8,10.2,0.5,0.0,3.8,1016.7,83.125
2021-09-06,8.5,4.3,12.9,0.0,0.0,2.6,1022.6,70.75
2021-09-07,10.2,6.7,12.6,0.0,0.0,3.5,1022.6,81.5
2021-09-08,12.7,10.6,14.5,0.0,0.0,4.0,1018.8,80.5
2021-09-09,15.5,13.7,17.9,0.0,0.0,4.5,1014.4,82.375
2021-09-10,15.7,12.7,19.6,0.0,0.0,3.5,1015.8,87.125
2021-09-11,14.6,10.0,18.7,0.0,0.0,1.2,1018.8,85.375
2021-09-12,16.9,12.0,21.2,0.0,0.0,0.9,1013.9,85.75
2021-09-13,17.7,14.0,22.5,0.0,0.0,2.6,1007.9,78.25
2021-09-14,12.2,9.2,16.2,0.0,0.0,5.8,1007.7,63.5
2021-09-15,9.3,7.5,12.0,0.0,0.0,5.3,1011.6,64.75
2021-09-16,7.7,5.9,9.4,0.0,0.0,4.1,1018.5,80.0
2021-09-17,6.6,3.4,9.0,0.0,0.0,2.2,1020.8,75.5
2021-09-18,6.3,1.7,10.7,0.0,0.0,2.8,1023.9,76.0
2021-09-19,6.0,4.0,8.3,0.0,0.0,5.7,1022.4,70.125
2021-09-20,5.6,4.6,6.8,18.0,0.0,7.1,1017.4,94.125
2021-09-21,6.1,5.3,6.9,0.0,0.0,4.9,1014.4,94.875
2021-09-22,6.5,5.3,7.5,0.0,0.0,2.6,1012.6,94.25
2021-09-23,9.0,7.2,11.3,9.9,0.0,1.0,1012.6,95.875
2021-09-24,9.0,7.1,10.9,0.0,0.0,4.7,1005.4,81.0
2021-09-25,9.3,7.6,10.8,0.0,0.0,3.0,1004.8,87.0
2021-09-26,9.6,9.0,11.0,0.0,0.0,6.2,1006.9,89.0
2021-09-27,9.2,8.2,10.0,0.0,0.0,8.7,1021.4,87.0
2021-09-28,7.4,4.3,9.4,0.0,0.0,4.8,1030.1,83.125
2021-09-29,5.6,0.8,9.8,0.0,0.0,3.5,1035.7,83.875
2021-09-30,6.3,5.1,8.6,0.0,0.0,1.5,1036.0,82.75
2021-10-01,6.1,4.1,10.1,0.0,0.0,1.0,1036.3,80.375
2021-10-02,6.3,1.5,10.2,0.0,0.0,0.6,1035.5,83.125
2021-10-03,6.1,0.3,10.7,0.0,0.0,1.4,1035.4,82.125
2021-10-04,6.6,2.0,11.0,0.0,0.0,1.9,1037.2,80.125
2021-10-05,6.7,1.9,10.4,0.0,0.0,2.6,1040.6,82.875
2021-10-06,8.1,4.1,12.5,0.0,0.0,3.3,1043.0,63.75
2021-10-07,5.2,-0.1,11.6,0.0,0.0,0.8,1043.6,74.75
2021-10-08,5.0,-0.7,11.7,0.0,0.0,0.7,1042.1,76.125
2021-10-09,5.1,-1.0,12.5,0.0,0.0,1.5,1037.8,73.875
2021-10-10,6.0,0.8,13.1,0.0,0.0,1.1,1033.9,73.0
2021-10-11,6.0,-0.5,12.4,0.0,0.0,0.9,1027.8,69.875
2021-10-12,8.1,3.6,12.8,0.0,0.0,2.4,1019.0,63.625
2021-10-13,9.3,6.9,13.8,0.0,0.0,3.2,1014.7,69.5
2021-10-14,8.1,6.7,9.3,0.0,0.0,2.0,1011.3,92.625
2021-10-15,6.8,4.7,8.2,0.0,0.0,5.1,1013.6,82.125
2021-10-16,8.8,7.0,11.3,0.0,0.0,5.0,1012.5,69.125
2021-10-17,6.7,4.3,8.3,0.0,0.0,3.5,1012.6,82.5
2021-10-18,5.6,3.4,7.1,0.0,0.0,3.8,1009.8,82.375
2021-10-19,3.4,2.5,4.4,0.0,0.0,4.9,1014.5,80.75
2021-10-20,2.5,-0.4,4.3,0.0,0.0,4.4,1018.0,74.375
2021-10-21,9.8,3.4,13.0,0.0,0.0,6.0,998.4,86.5
2021-10-22,11.0,7.8,13.2,0.0,0.0,6.5,995.6,65.375
2021-10-23,6.6,4.8,8.6,0.0,0.0,5.0,1004.2,65.125
2021-10-24,3.4,0.9,4.7,0.0,0.0,6.3,1014.7,84.5
2021-10-25,0.8,-2.3,2.7,0.0,0.0,4.5,1028.4,74.875
2021-10-26,3.9,0.7,7.8,0.0,0.0,4.6,1021.9,66.75
2021-10-27,5.1,3.3,6.6,0.0,0.0,4.9,1015.0,67.875
2021-10-28,7.5,6.1,10.7,0.0,0.0,6.2,1013.1,85.75
2021-10-29,7.3,4.9,9.9,0.0,0.0,3.0,1024.5,84.125
2021-10-30,10.2,8.6,12.9,0.0,0.0,4.4,1025.4,79.375
2021-10-31,7.0,5.8,9.6,0.0,0.0,3.4,1025.0,80.375
2021-11-01,5.6,1.8,9.8,0.0,0.0,2.3,1022.8,86.25
2021-11-02,3.0,0.1,5.9,0.0,0.0,2.9,1022.8,99.25
2021-11-03,4.7,2.2,7.3,0.0,0.0,6.8,1020.2,95.0
2021-11-04,8.0,6.6,9.9,0.0,0.0,4.2,1020.9,86.875
2021-11-05,9.4,5.9,12.2,0.0,0.0,5.5,1018.4,90.5
2021-11-06,8.7,7.1,12.4,0.0,0.0,6.2,1011.2,76.5
2021-11-07,6.1,4.7,7.2,0.0,0.0,5.8,1010.1,77.125
2021-11-08,6.2,5.7,6.7,0.0,0.0,4.8,1002.8,85.0
2021-11-09,0.5,-2.1,4.9,0.0,0.0,10.1,1015.9,76.0
2021-11-10,-1.0,-3.2,0.9,0.0,0.0,4.2,1031.9,67.25
2021-11-11,1.4,-0.1,2.3,0.0,0.0,5.3,1020.8,80.875
2021-11-12,2.2,0.4,4.1,0.0,0.0,4.6,1008.6,90.875
2021-11-13,3.6,2.5,4.3,0.0,0.0,6.3,1019.8,86.625
2021-11-14,1.8,1.3,2.5,0.0,0.0,3.3,1028.6,85.875
2021-11-15,-0.4,-2.4,1.2,0.0,0.0,6.6,1033.5,74.5
2021-11-16,-1.4,-3.3,0.4,0.0,0.0,5.4,1031.7,73.0
2021-11-17,-0.8,-2.5,0.7,0.0,0.0,3.2,1025.1,82.875
2021-11-18,-0.4,-1.8,0.8,0.0,0.0,4.0,1018.2,81.125
2021-11-19,1.6,-0.5,3.2,0.0,0.0,4.1,1006.4,88.125
2021-11-20,1.6,0.6,2.4,0.0,0.0,6.8,987.0,91.625
2021-11-21,1.7,0.0,2.6,0.0,0.0,4.9,994.0,85.25
2021-11-22,-1.0,-3.8,0.9,0.0,0.0,6.0,1005.9,73.25
2021-11-23,-4.0,-6.0,-2.0,0.0,0.0,3.4,1017.2,80.25
2021-11-24,-3.6,-6.6,0.3,0.0,0.0,5.1,1013.3,83.625
2021-11-25,1.9,0.9,2.9,0.0,0.0,5.0,1011.5,90.875
2021-11-26,2.5,1.8,3.1,0.0,0.0,5.9,1007.2,76.75
2021-11-27,2.4,0.9,3.2,0.0,0.0,6.5,1005.6,85.0
2021-11-28,3.8,2.3,5.4,0.0,0.0,4.1,1003.4,86.125
2021-11-29,3.6,1.7,5.0,0.0,0.0,5.2,1002.3,90.25
2021-11-30,2.7,-2.3,5.9,0.0,0.0,7.7,975.4,90.875
2021-12-01,-3.0,-5.3,-2.0,0.0,0.0,6.4,988.1,83.5
2021-12-02,-3.9,-6.3,-0.2,0.0,0.0,4.8,998.9,77.75
2021-12-03,1.3,-0.1,2.2,0.0,0.0,3.3,998.8,88.625
2021-12-04,-2.4,-4.9,0.6,0.0,0.0,5.4,1004.6,77.375
2021-12-05,-3.4,-5.3,-1.2,0.0,0.0,1.1,1014.1,88.375
2021-12-06,-4.6,-6.5,-3.2,0.0,0.0,3.9,1021.1,90.375
2021-12-07,-2.0,-4.4,0.2,0.0,0.0,5.1,1014.9,94.25
2021-12-08,-5.8,-9.7,-0.4,0.0,0.0,7.2,1019.7,87.75
2021-12-09,-10.5,-12.6,-8.3,0.0,0.0,6.2,1026.4,80.375
2021-12-10,-13.5,-16.4,-10.9,0.0,0.0,3.0,1033.6,84.125
2021-12-11,-13.7,-16.9,-9.9,0.0,0.0,4.8,1035.0,81.0
2021-12-12,-7.2,-12.4,-3.1,0.0,0.0,5.7,1032.8,91.75
2021-12-13,-2.3,-3.5,-1.4,0.0,0.0,3.4,1027.3,95.0
2021-12-14,-2.5,-3.9,-1.7,0.0,0.0,0.9,1025.9,92.875
2021-12-15,-2.2,-4.0,-0.8,0.0,0.0,1.4,1022.4,91.0
2021-12-16,0.3,-1.3,1.9,0.0,0.0,4.1,1010.9,92.5
2021-12-17,0.7,0.0,1.4,0.0,0.0,4.4,1010.4,88.125
2021-12-18,-1.2,-2.3,0.1,0.0,0.0,4.7,1014.4,84.375
2021-12-19,-1.1,-2.4,0.1,0.0,0.0,4.2,988.5,90.25
2021-12-20,-8.6,-14.7,-3.9,0.0,0.0,10.3,995.1,81.5
2021-12-21,-17.0,-19.0,-14.3,0.0,0.0,6.5,1009.3,73.125
2021-12-22,-20.8,-22.6,-19.2,0.0,0.0,3.5,1015.4,78.125
2021-12-23,-14.2,-20.5,-10.8,0.0,0.0,4.5,1015.0,78.25
2021-12-24,-10.1,-11.7,-8.7,0.0,0.0,5.8,1007.2,76.5
2021-12-25,-10.8,-13.0,-7.6,6.1,249.0,7.1,994.5,82.375
2021-12-26,-8.3,-12.4,-5.7,1.0,249.0,5.5,1000.1,79.25
2021-12-27,-11.0,-13.4,-8.5,0.0,0.0,4.7,1014.4,77.25
2021-12-28,-8.4,-12.1,-6.4,0.0,0.0,1.3,1024.7,82.0
2021-12-29,-12.0,-16.6,-8.4,0.0,0.0,2.0,1026.4,88.0
2021-12-30,-9.5,-16.6,-7.1,0.0,231.0,1.5,1020.4,86.5
2021-12-31,-5.0,-7.1,-2.3,0.0,0.0,2.9,1010.8,88.375
2022-01-01,-1.4,-3.0,-0.2,0.0,0.0,3.6,1001.5,89.0
2022-01-02,-6.5,-9.2,-3.7,0.0,0.0,7.0,1011.3,78.0
2022-01-03,-8.1,-9.1,-7.1,0.0,0.0,2.8,1004.2,81.875
2022-01-04,-8.0,-9.4,-6.2,0.0,0.0,2.3,1003.2,84.125
2022-01-05,-5.1,-6.3,-2.9,0.0,0.0,5.5,998.4,88.0
2022-01-06,-0.1,-4.6,0.5,1.0,290.0,2.9,995.7,89.75
2022-01-07,-3.5,-5.9,0.6,0.0,0.0,5.5,1002.2,76.5
2022-01-08,-5.1,-6.8,-3.3,0.3,279.0,4.1,1018.4,75.625
2022-01-09,-5.0,-6.7,-3.5,0.0,0.0,5.1,1018.9,75.75
2022-01-10,-6.6,-7.2,-5.6,0.0,0.0,5.2,1016.7,86.875
2022-01-11,-10.2,-12.7,-6.0,0.0,0.0,10.7,1027.5,81.5
2022-01-12,-13.7,-16.5,-11.6,0.0,0.0,7.7,1029.2,78.5
2022-01-13,-13.1,-18.4,-3.7,0.0,0.0,4.3,1011.5,84.5
2022-01-14,0.0,-3.4,2.0,0.0,0.0,7.3,981.9,88.5
2022-01-15,-1.8,-2.3,-1.2,1.8,290.0,10.1,990.1,77.625
2022-01-16,-3.4,-5.1,-2.4,0.0,0.0,6.5,1006.8,73.125
2022-01-17,-3.1,-4.9,-1.3,0.0,0.0,4.7,991.0,85.375
2022-01-18,-4.3,-8.3,-1.1,0.0,0.0,8.4,1000.5,84.625
2022-01-19,-7.5,-10.7,-4.9,0.0,0.0,3.6,1015.6,80.25
2022-01-20,-2.9,-4.6,-2.1,0.0,0.0,6.0,1004.9,88.5
2022-01-21,-4.1,-6.2,-2.3,0.0,0.0,6.9,999.2,89.75
2022-01-22,-5.0,-6.4,-3.6,0.0,0.0,4.1,1005.7,88.125
2022-01-23,-4.8,-6.0,-3.8,0.0,0.0,2.4,1025.7,87.75
2022-01-24,-6.7,-9.6,-4.2,0.0,0.0,1.2,1035.3,85.75
2022-01-25,-8.3,-9.9,-6.9,0.0,0.0,1.9,1023.3,87.75
2022-01-26,-6.1,-8.2,-3.7,0.0,0.0,3.3,1015.1,86.875
2022-01-27,-6.6,-8.9,-5.0,0.0,0.0,2.9,1014.4,76.25
2022-01-28,-6.4,-7.4,-5.5,0.0,0.0,7.5,1006.0,83.625
2022-01-29,-4.5,-6.1,-2.8,0.0,0.0,2.4,1004.9,87.375
2022-01-30,-3.6,-4.3,-2.9,0.0,0.0,5.7,997.4,82.625
2022-01-31,-2.4,-3.6,-1.2,0.0,0.0,5.8,993.1,90.0
2022-02-01,-1.4,-2.1,-0.4,0.0,0.0,2.4,995.1,88.625
2022-02-02,-3.3,-4.7,-2.3,0.0,0.0,3.8,1004.6,77.375
2022-02-03,-5.1,-7.3,-3.1,0.0,0.0,1.9,1011.6,84.0
2022-02-04,-5.4,-6.9,-3.2,0.0,0.0,2.6,1014.4,85.0
2022-02-05,-7.3,-8.6,-5.4,0.0,0.0,1.5,1014.0,85.875
2022-02-06,-7.9,-10.8,-5.6,0.0,0.0,3.7,1004.9,85.5
2022-02-07,-1.9,-5.4,0.4,0.0,0.0,6.1,1002.4,91.0
2022-02-08,0.7,-0.3,1.8,0.0,0.0,3.3,1005.2,86.375
2022-02-09,-0.5,-1.6,0.6,0.0,0.0,2.3,1007.8,74.125
2022-02-10,0.3,-1.0,1.7,0.0,0.0,3.8,1007.1,83.625
2022-02-11,0.7,-0.5,2.4,0.0,0.0,4.2,1008.4,70.875
2022-02-12,-0.8,-2.7,0.5,0.0,0.0,5.1,1015.2,67.25
2022-02-13,-0.7,-2.8,1.6,0.0,0.0,6.2,1020.3,67.375
2022-02-14,-1.0,-2.9,1.4,0.0,0.0,4.8,1017.2,61.125
2022-02-15,-0.4,-2.2,3.3,0.0,0.0,4.0,1019.7,66.875
2022-02-16,-1.0,-3.4,1.8,0.0,0.0,4.6,1017.9,64.0
2022-02-17,1.5,-1.3,3.5,0.0,0.0,8.8,999.3,81.875
2022-02-18,2.6,0.9,3.8,0.0,0.0,5.3,991.2,82.75
2022-02-19,1.2,-0.5,2.8,0.0,0.0,6.0,997.4,85.375
2022-02-20,1.8,0.2,3.1,0.0,0.0,6.1,996.6,78.25
2022-02-21,1.3,-0.3,2.6,0.0,0.0,4.5,1000.1,78.25
2022-02-22,3.3,1.2,5.2,0.0,0.0,5.1,995.8,83.0
2022-02-23,1.3,-0.7,2.5,0.0,0.0,5.5,1005.7,79.875
2022-02-24,-0.8,-2.2,1.5,0.0,0.0,2.5,1021.9,70.625
2022-02-25,0.1,-3.7,4.1,0.0,0.0,4.6,1020.5,70.375
2022-02-26,0.8,-1.4,3.3,0.0,0.0,3.0,1020.4,71.875
2022-02-27,-1.0,-3.4,2.0,0.0,0.0,7.7,1033.0,63.0
2022-02-28,-2.8,-6.8,0.9,0.0,0.0,5.6,1035.8,73.0
2022-03-01,-2.1,-7.9,4.4,0.0,0.0,0.8,1033.5,61.375
2022-03-02,-0.6,-6.6,6.2,0.0,0.0,0.7,1025.5,61.5
2022-03-03,-0.6,-4.8,5.3,0.0,0.0,0.9,1013.4,57.0
2022-03-04,-2.6,-5.0,-0.1,0.0,0.0,8.1,1013.2,73.625
2022-03-05,-1.4,-3.1,-0.2,0.0,0.0,10.0,1016.7,69.0
2022-03-06,-2.5,-6.8,0.7,0.0,0.0,4.8,1014.9,63.0
2022-03-07,-0.8,-2.7,1.6,0.0,0.0,4.1,1009.7,67.875
2022-03-08,-5.0,-8.4,-1.5,0.0,0.0,7.6,1017.7,76.875
2022-03-09,-8.5,-11.3,-5.5,0.0,0.0,5.4,1027.5,50.125
2022-03-10,-8.7,-13.6,-4.0,0.0,0.0,6.8,1037.1,46.625
2022-03-11,-4.7,-11.3,1.2,0.0,0.0,2.5,1032.3,47.375
2022-03-12,-3.1,-5.9,-0.5,0.0,0.0,4.0,1024.5,67.5
2022-03-13,-0.6,-5.8,3.5,0.0,0.0,4.2,1027.2,72.75
2022-03-14,1.8,-1.1,4.2,0.0,0.0,7.7,1025.8,67.0
2022-03-15,-2.2,-5.9,1.2,0.0,0.0,5.3,1034.5,53.5
2022-03-16,-4.0,-8.5,0.0,0.0,0.0,3.2,1038.4,56.875
2022-03-17,-3.8,-9.8,1.4,0.0,0.0,3.9,1043.2,45.625
2022-03-18,-1.3,-9.0,5.1,0.0,0.0,3.8,1043.3,47.625
2022-03-19,1.9,-4.4,8.0,0.0,0.0,2.9,1042.7,46.625
2022-03-20,3.7,-2.5,9.8,0.0,0.0,4.9,1038.2,51.5
2022-03-21,6.0,1.8,11.1,0.0,0.0,6.4,1034.2,57.875
2022-03-22,5.4,-1.0,11.8,0.0,0.0,3.6,1032.8,49.875
2022-03-23,5.0,-1.0,10.6,0.0,0.0,2.3,1027.1,46.0
2022-03-24,4.7,-2.5,11.4,0.0,0.0,1.7,1018.3,48.625
2022-03-25,3.8,-0.3,7.8,0.0,0.0,2.0,1018.5,58.125
2022-03-26,4.2,1.2,6.7,0.0,0.0,6.2,998.4,66.375
2022-03-27,-3.0,-5.1,0.4,0.0,0.0,12.8,1002.1,65.625
2022-03-28,-3.5,-7.4,0.9,0.0,0.0,5.9,1003.9,68.25
2022-03-29,0.0,-3.0,1.0,0.0,0.0,6.4,995.7,75.75
2022-03-30,-2.6,-6.3,1.0,0.0,0.0,3.8,1006.7,59.625
2022-03-31,-1.5,-7.8,1.8,0.0,0.0,2.6,1011.2,74.125
2022-04-01,1.1,-1.5,4.5,0.0,0.0,5.3,1012.4,74.125
2022-04-02,-0.4,-1.9,1.1,0.0,0.0,7.2,1003.8,83.875
2022-04-03,-0.3,-2.2,2.6,0.0,0.0,10.3,996.2,74.5
2022-04-04,-0.2,-6.8,5.2,0.0,0.0,3.1,1004.9,47.125
2022-04-05,2.1,-2.5,5.8,0.0,0.0,6.3,1001.6,55.75
2022-04-06,2.3,-1.7,5.9,0.0,0.0,5.8,999.8,64.375
2022-04-07,2.9,-3.0,8.0,0.0,0.0,4.6,1003.8,85.5
2022-04-08,10.6,5.3,15.6,0.0,0.0,7.1,998.8,63.875
2022-04-09,8.5,5.1,11.0,0.0,0.0,4.7,1002.0,73.875
2022-04-10,7.4,5.5,8.9,0.0,0.0,3.7,1006.6,81.875
2022-04-11,4.2,2.3,5.5,0.0,0.0,5.7,1011.7,88.25
2022-04-12,5.3,2.0,11.5,0.0,0.0,7.5,1011.3,94.75
2022-04-13,5.0,2.8,8.5,0.0,0.0,10.5,1016.8,88.75
2022-04-14,6.2,0.9,11.2,0.0,0.0,9.4,1019.7,61.625
2022-04-15,7.2,2.5,11.4,0.0,0.0,2.4,1015.8,60.375
2022-04-16,3.0,0.9,6.1,0.0,0.0,7.3,1015.5,86.375
2022-04-17,3.0,-0.4,6.2,0.0,0.0,15.6,1022.2,52.714285714285715
2022-04-18,6.0,0.2,11.2,0.0,0.0,4.2,1020.5,43.125
2022-04-19,8.3,3.5,13.5,0.0,0.0,5.0,1018.6,57.5
2022-04-20,10.4,4.8,15.5,0.0,0.0,6.9,1017.4,44.0
2022-04-21,7.5,5.9,9.9,0.0,0.0,5.8,1019.1,69.125
2022-04-22,8.5,4.8,11.7,0.0,0.0,1.9,1021.6,78.0
2022-04-23,10.2,5.7,14.7,0.0,0.0,1.8,1016.8,72.0
2022-04-24,10.0,7.0,13.6,0.0,0.0,3.3,1013.0,76.125
2022-04-25,12.1,8.6,16.5,0.0,0.0,3.3,1009.3,75.625
2022-04-26,12.5,9.4,15.5,0.0,0.0,3.6,1006.8,70.75
2022-04-27,8.7,5.1,11.6,0.0,0.0,5.9,1013.6,66.5
2022-04-28,4.3,0.3,8.1,0.0,0.0,3.5,1024.2,48.625
2022-04-29,5.8,0.8,10.1,0.0,0.0,3.2,1024.3,59.625
2022-04-30,4.0,0.9,7.0,0.0,0.0,4.6,1024.0,62.875
2022-05-01,6.8,-0.7,13.0,0.0,0.0,2.5,1023.0,48.625
2022-05-02,10.3,5.0,14.1,0.0,0.0,2.4,1017.3,47.875
2022-05-03,12.1,7.2,17.6,0.0,0.0,4.5,1008.1,53.875
2022-05-04,6.8,3.3,9.3,0.0,0.0,6.7,1012.0,60.875
2022-05-05,5.7,0.8,10.0,0.0,0.0,4.8,1024.6,47.25
2022-05-06,10.4,3.4,16.2,0.0,0.0,2.3,1027.7,35.25
2022-05-07,13.9,8.2,18.2,0.0,0.0,3.4,1025.0,33.5
2022-05-08,14.2,10.4,19.0,0.0,0.0,4.0,1018.4,47.5
2022-05-09,7.7,5.5,9.3,0.0,0.0,8.4,1020.2,69.25
2022-05-10,7.1,3.6,11.0,0.0,0.0,10.7,1018.4,52.0
2022-05-11,11.9,6.5,17.7,0.0,0.0,9.1,1010.1,35.25
2022-05-12,14.2,5.9,21.5,0.0,0.0,3.0,1002.8,57.125
2022-05-13,12.5,9.4,15.9,0.0,0.0,7.6,1002.2,67.0
2022-05-14,12.1,7.9,15.9,0.0,0.0,5.1,1003.8,56.25
2022-05-15,11.6,8.2,15.6,0.0,0.0,4.0,1003.5,58.125
2022-05-16,10.5,8.0,13.6,0.0,0.0,6.8,1005.5,58.875
2022-05-17,9.2,7.4,11.0,0.0,0.0,7.7,1004.4,86.375
2022-05-18,11.0,7.9,14.7,0.0,0.0,9.1,1011.7,58.0
2022-05-19,10.1,7.5,14.0,0.0,0.0,5.1,1014.2,68.75
2022-05-20,8.8,5.2,13.1,0.0,0.0,5.3,1017.1,53.625
2022-05-21,10.0,3.4,15.4,0.0,0.0,2.5,1011.4,47.625
2022-05-22,8.4,5.0,12.0,0.0,0.0,7.4,1005.4,42.875
2022-05-23,8.6,2.5,14.4,0.0,0.0,7.1,1005.4,45.0
2022-05-24,7.0,4.8,11.0,0.0,0.0,7.0,1008.1,44.875
2022-05-25,7.5,3.3,13.4,0.0,0.0,3.7,1014.7,55.875
2022-05-26,11.6,5.4,19.6,0.0,0.0,2.3,1007.6,58.875
2022-05-27,11.2,8.9,14.1,0.0,0.0,10.7,999.2,85.0
2022-05-28,9.8,5.5,13.8,3.7,0.0,9.0,1000.5,82.25
2022-05-29,10.3,5.7,14.4,1.2,0.0,11.1,1010.2,76.25
2022-05-30,13.6,4.8,20.4,0.0,0.0,5.9,1019.2,57.375
2022-05-31,14.7,12.9,16.6,4.8,0.0,9.9,1020.2,82.375
2022-06-01,17.8,10.5,23.9,0.2,0.0,8.0,1021.0,72.125
2022-06-02,18.7,12.3,25.3,13.2,0.0,7.8,1019.0,67.625
2022-06-03,16.9,11.6,21.7,5.8,0.0,11.3,1016.3,80.85714285714286
2022-06-04,15.4,9.3,21.2,0.0,0.0,8.4,1019.5,62.125
2022-06-05,14.2,10.7,18.3,6.4,0.0,9.3,1015.3,78.25
2022-06-06,15.6,10.1,21.2,0.0,0.0,11.1,1015.6,69.875
2022-06-07,15.1,9.0,20.1,0.0,0.0,8.6,1016.2,54.75
2022-06-08,16.9,9.8,23.4,0.0,0.0,5.6,1014.3,50.75
2022-06-09,19.4,10.3,27.3,0.4,0.0,5.3,1012.9,53.125
2022-06-10,21.5,16.4,25.6,0.0,0.0,9.4,1013.3,62.0
2022-06-11,19.8,13.0,25.0,0.0,0.0,5.8,1015.1,65.5
2022-06-12,20.0,15.4,24.3,0.0,0.0,8.0,1014.2,62.0
2022-06-13,19.1,13.8,23.8,5.7,0.0,7.9,1010.8,61.5
2022-06-14,20.1,15.1,25.9,4.8,0.0,2.8,1008.5,76.625
2022-06-15,15.7,12.7,18.5,0.0,0.0,4.2,1009.8,68.25
2022-06-16,17.4,13.5,21.1,0.0,0.0,3.2,1012.5,63.285714285714285
2022-06-17,16.3,11.0,20.3,3.2,0.0,1.7,1013.4,71.0
2022-06-18,16.5,11.5,20.6,0.0,0.0,2.7,1013.8,70.875
2022-06-19,19.0,14.5,23.2,0.2,0.0,3.5,1008.2,65.25
2022-06-20,16.9,13.2,19.3,1.5,0.0,4.4,1006.1,67.125
2022-06-21,15.8,13.9,18.3,0.0,0.0,1.2,1002.8,80.0
2022-06-22,17.0,13.4,21.9,0.5,0.0,5.0,1002.5,66.75
2022-06-23,19.1,13.2,23.9,0.0,0.0,6.5,1011.3,50.875
2022-06-24,20.8,12.1,26.2,0.0,0.0,4.7,1015.7,52.875
2022-06-25,22.9,15.2,28.8,0.0,0.0,3.5,1018.2,58.125
2022-06-26,24.9,16.4,31.5,0.0,0.0,2.6,1020.5,60.0
2022-06-27,26.5,18.8,32.1,0.2,0.0,4.4,1019.2,57.0
2022-06-28,22.5,17.8,25.1,0.0,0.0,4.9,1020.4,52.0
2022-06-29,18.8,13.2,23.4,0.0,0.0,3.0,1022.4,43.0
2022-06-30,19.7,12.1,24.8,0.0,0.0,5.9,1018.2,48.375
2022-07-01,18.7,15.0,21.7,0.0,0.0,6.8,1019.4,40.875
2022-07-02,19.4,10.9,25.5,0.0,0.0,4.8,1021.4,46.375
2022-07-03,24.0,17.8,29.3,0.6,0.0,5.4,1015.6,49.25
2022-07-04,24.2,16.8,30.0,0.0,0.0,3.1,1015.1,51.5
2022-07-05,23.4,18.0,29.6,0.2,0.0,1.8,1014.7,70.75
2022-07-06,23.8,16.6,28.9,0.1,0.0,2.0,1014.0,72.75
2022-07-07,24.5,19.4,30.9,2.1,0.0,3.4,1011.8,69.85714285714286
2022-07-08,20.0,16.5,23.8,0.5,0.0,4.1,1017.4,68.375
2022-07-09,20.4,15.9,25.1,0.2,0.0,1.5,1015.2,73.375
2022-07-10,21.8,16.7,28.5,3.8,0.0,2.9,1010.4,75.125
2022-07-11,24.6,17.1,32.2,0.5,0.0,4.8,1009.7,61.375
2022-07-12,22.2,18.2,24.9,4.8,0.0,4.8,1009.7,60.125
2022-07-13,20.0,15.0,24.2,0.0,0.0,2.5,1012.8,65.75
2022-07-14,19.0,13.9,22.7,0.5,0.0,1.7,1007.3,71.375
2022-07-15,18.9,15.0,22.8,0.1,0.0,3.5,1007.1,64.625
2022-07-16,17.9,13.8,22.0,0.3,0.0,2.4,1012.8,60.75
2022-07-17,17.8,13.9,21.3,2.2,0.0,1.7,1015.2,60.875
2022-07-18,17.1,14.2,20.1,0.7,0.0,3.0,1014.6,72.5
2022-07-19,16.5,12.7,19.9,0.3,0.0,4.7,1013.7,63.875
2022-07-20,16.3,13.6,20.0,7.1,0.0,3.6,1008.1,71.75
2022-07-21,17.2,14.2,21.0,4.3,0.0,5.2,1006.3,84.875
2022-07-22,20.5,15.0,25.7,0.0,0.0,7.7,1013.3,63.0
2022-07-23,22.5,15.8,27.9,0.0,0.0,2.9,1014.6,64.125
2022-07-24,23.4,17.0,28.4,0.0,0.0,1.7,1011.0,61.375
2022-07-25,22.0,17.8,26.9,0.2,0.0,2.7,1007.7,70.25
2022-07-26,22.8,17.4,28.7,0.1,0.0,3.1,1009.2,79.375
2022-07-27,24.4,18.8,30.7,0.1,0.0,1.9,1010.5,70.75
2022-07-28,22.7,19.1,27.6,7.5,0.0,1.9,1012.3,72.25
2022-07-29,19.3,15.3,23.0,0.0,0.0,4.2,1016.8,72.83333333333333
2022-07-30,17.9,13.0,22.4,0.0,0.0,1.8,1019.3,58.714285714285715
2022-07-31,18.8,12.5,23.8,0.0,0.0,2.1,1018.7,60.75
2022-08-01,20.1,13.6,25.6,0.0,0.0,2.0,1018.1,55.125
2022-08-02,20.9,14.0,26.9,0.0,0.0,2.0,1016.5,60.625
2022-08-03,22.3,15.4,28.6,0.0,0.0,1.7,1017.5,60.5
2022-08-04,23.3,16.8,28.7,0.0,0.0,2.1,1020.6,58.75
2022-08-05,24.0,17.6,30.0,0.0,0.0,1.9,1021.5,60.75
2022-08-06,24.6,17.6,31.2,0.0,0.0,2.0,1020.2,60.125
2022-08-07,23.3,18.8,29.0,4.4,0.0,2.9,1017.6,66.625
2022-08-08,18.9,16.7,21.4,2.0,0.0,4.2,1021.4,85.375
2022-08-09,17.6,15.7,21.1,16.3,0.0,4.4,1022.1,76.375
2022-08-10,18.1,13.6,23.5,0.0,0.0,5.2,1022.9,67.875
2022-08-11,19.2,13.3,25.0,0.0,0.0,3.1,1025.3,55.875
2022-08-12,20.0,12.4,26.4,0.0,0.0,1.7,1024.8,60.875
2022-08-13,21.1,13.7,27.9,0.0,0.0,1.8,1022.6,61.5
2022-08-14,22.1,14.8,28.5,0.0,0.0,1.4,1020.7,62.5
2022-08-15,22.7,16.7,28.4,0.0,0.0,2.4,1021.1,59.625
2022-08-16,23.0,16.5,28.6,0.0,0.0,3.1,1021.6,57.0
2022-08-17,23.1,17.5,29.4,0.0,0.0,3.0,1019.4,55.25
2022-08-18,23.1,16.9,29.6,0.0,0.0,3.1,1019.5,51.25
2022-08-19,21.9,18.3,25.8,0.0,0.0,4.5,1023.7,51.0
2022-08-20,18.7,14.8,21.8,0.1,0.0,3.5,1026.8,50.375
2022-08-21,20.1,12.6,25.7,0.0,0.0,3.6,1024.3,44.625
2022-08-22,22.4,17.0,29.8,0.0,0.0,2.9,1023.4,42.75
2022-08-23,24.5,16.4,31.7,0.0,0.0,2.0,1026.3,50.25
2022-08-24,24.0,16.7,31.1,0.0,0.0,2.2,1028.1,51.125
2022-08-25,23.4,15.0,31.4,0.0,0.0,1.3,1025.4,54.5
2022-08-26,23.6,15.8,31.5,0.0,0.0,1.7,1022.2,54.25
2022-08-27,23.2,15.3,30.8,0.0,0.0,1.9,1021.7,55.0
2022-08-28,22.8,16.4,29.7,0.0,0.0,1.9,1018.1,51.375
2022-08-29,21.6,17.0,26.1,0.0,0.0,2.4,1011.5,55.0
2022-08-30,21.9,17.8,27.0,9.1,0.0,1.7,1008.5,67.25
2022-08-31,17.2,12.1,20.5,0.5,0.0,4.7,1007.4,73.5
2022-09-01,10.9,8.9,12.9,0.0,0.0,4.4,1010.3,71.5
2022-09-02,8.9,7.4,11.1,1.2,0.0,4.6,1014.9,76.875
2022-09-03,10.3,5.3,14.6,0.0,0.0,2.6,1022.8,71.125
2022-09-04,10.3,5.8,14.4,0.0,0.0,2.8,1022.4,68.125
2022-09-05,8.4,5.3,11.1,2.4,0.0,3.7,1020.7,81.5
2022-09-06,8.6,6.8,10.7,0.2,0.0,6.3,1018.9,77.5
2022-09-07,8.6,6.5,12.4,2.4,0.0,3.2,1014.4,81.75
2022-09-08,8.0,6.1,10.2,0.8,0.0,6.9,1017.9,80.75
2022-09-09,8.1,4.1,12.2,0.0,0.0,4.1,1026.7,68.375
2022-09-10,8.9,2.2,15.3,0.0,0.0,1.0,1027.9,70.875
2022-09-11,9.8,2.8,16.4,0.0,0.0,2.3,1022.1,69.625
2022-09-12,10.4,7.8,13.5,2.1,0.0,2.9,1018.5,74.5
2022-09-13,10.7,6.8,15.0,1.7,0.0,3.2,1015.3,66.0
2022-09-14,11.4,10.1,13.4,3.2,0.0,3.3,1005.6,91.125
2022-09-15,12.0,9.6,15.3,2.5,0.0,1.1,1002.1,93.625
2022-09-16,11.6,6.6,16.2,4.7,0.0,2.4,999.9,90.0
2022-09-17,12.3,7.7,16.4,0.0,0.0,2.6,1001.1,80.625
2022-09-18,12.0,7.6,16.4,2.1,0.0,2.6,1002.6,86.875
2022-09-19,11.8,9.8,14.7,4.6,0.0,7.2,991.2,86.5
2022-09-20,11.6,8.6,15.2,0.5,0.0,4.2,1008.5,80.125
2022-09-21,9.8,5.1,14.2,5.5,0.0,2.1,1015.9,86.5
2022-09-22,10.8,8.6,14.3,0.3,0.0,3.0,1015.9,88.875
2022-09-23,10.9,7.5,14.2,0.1,0.0,3.8,1014.0,79.375
2022-09-24,8.6,7.8,9.9,25.9,0.0,5.9,1001.3,93.5
2022-09-25,7.5,6.6,8.4,7.5,0.0,1.5,1001.0,94.625
2022-09-26,7.8,5.9,10.1,1.8,0.0,1.7,1008.9,90.75
2022-09-27,7.9,3.9,11.7,0.0,0.0,2.0,1012.3,85.875
2022-09-28,8.7,7.5,10.2,0.1,0.0,4.0,1003.7,89.375
2022-09-29,10.0,7.6,13.1,0.0,0.0,1.2,1008.0,88.25
2022-09-30,11.8,8.0,16.7,4.1,0.0,2.5,1014.9,88.375
2022-10-01,13.3,12.2,14.8,5.3,0.0,1.0,1013.6,96.25
2022-10-02,11.6,9.9,13.7,2.6,0.0,2.6,1005.3,81.375
2022-10-03,12.4,9.2,15.9,13.0,0.0,7.8,996.7,87.875
2022-10-04,10.0,8.4,13.3,3.6,0.0,7.2,1006.5,76.875
2022-10-05,8.0,6.9,9.2,2.1,0.0,2.6,1012.4,83.625
2022-10-06,9.8,6.1,12.5,0.3,0.0,1.9,1016.9,88.75
2022-10-07,11.4,9.2,13.2,0.0,0.0,5.0,1020.1,79.5
2022-10-08,11.2,7.8,15.3,0.0,0.0,3.0,1022.8,75.25
2022-10-09,11.8,9.6,16.0,4.3,0.0,3.4,1016.5,75.0
2022-10-10,8.8,4.7,11.3,1.5,0.0,6.2,1023.0,79.125
2022-10-11,5.4,0.9,11.1,0.0,0.0,2.2,1023.1,83.5
2022-10-12,5.5,0.2,11.8,0.0,0.0,1.8,1019.3,88.375
2022-10-13,6.0,2.7,8.9,0.3,0.0,3.1,1023.4,84.375
2022-10-14,5.5,2.3,8.8,0.0,0.0,1.4,1024.9,82.625
2022-10-15,7.1,4.3,10.9,0.0,0.0,0.8,1025.8,73.5
2022-10-16,7.1,1.3,11.4,0.0,0.0,2.6,1030.1,66.375
2022-10-17,7.7,6.1,9.4,1.9,0.0,4.7,1025.0,73.875
2022-10-18,9.0,7.4,12.4,7.7,0.0,4.4,1015.7,88.875
2022-10-19,7.4,6.3,8.8,0.1,0.0,1.9,1008.6,90.75
2022-10-20,5.1,2.7,6.7,0.1,0.0,5.7,1015.6,74.5
2022-10-21,3.9,1.9,5.6,1.2,0.0,2.7,1020.5,82.0
2022-10-22,5.4,3.9,7.0,0.3,0.0,0.8,1021.3,88.25
2022-10-23,6.0,4.0,7.4,0.2,0.0,2.6,1014.0,87.0
2022-10-24,5.3,1.6,7.0,0.1,0.0,4.5,1012.3,77.375
2022-10-25,1.3,-2.1,4.4,0.0,0.0,1.0,1020.4,81.25
2022-10-26,2.0,-1.4,5.2,0.0,0.0,4.2,1021.6,78.875
2022-10-27,3.4,1.3,6.4,0.0,0.0,1.9,1021.8,79.375
2022-10-28,6.4,1.6,9.3,0.5,0.0,1.6,1022.1,90.625
2022-10-29,9.5,8.3,10.2,2.3,0.0,2.8,1011.4,92.875
2022-10-30,6.9,1.0,10.8,1.3,0.0,7.6,999.0,81.5
2022-10-31,1.6,-1.3,3.5,1.4,0.0,9.3,1004.6,79.75
2022-11-01,1.0,0.3,1.7,0.0,0.0,6.9,1016.1,77.625
2022-11-02,1.3,-0.5,2.6,0.0,0.0,3.2,1015.6,81.0
2022-11-03,-0.9,-2.0,-0.1,0.0,0.0,5.1,1017.8,84.5
2022-11-04,-0.8,-1.9,0.3,0.0,0.0,4.7,1018.8,86.25
2022-11-05,0.0,-0.8,1.1,0.0,0.0,3.5,1025.6,82.375
2022-11-06,-0.2,-1.5,0.8,0.0,0.0,2.6,1028.4,81.125
2022-11-07,1.8,-0.1,3.5,3.1,0.0,3.5,1022.8,89.375
2022-11-08,4.7,2.8,6.6,3.3,0.0,3.8,1016.1,92.125
2022-11-09,8.4,6.1,10.0,0.7,0.0,4.2,1016.5,91.375
2022-11-10,8.6,8.0,9.6,0.5,0.0,4.4,1018.7,83.375
2022-11-11,8.2,7.6,8.7,1.8,0.0,3.8,1020.0,89.5
2022-11-12,10.0,8.4,11.8,1.0,0.0,7.9,1011.1,89.875
2022-11-13,7.4,4.8,11.1,0.2,0.0,12.1,1012.7,65.0
2022-11-14,0.3,-1.6,3.7,0.0,0.0,9.5,1024.7,67.375
2022-11-15,-1.2,-2.6,0.0,3.6,0.0,3.1,1020.3,67.125
2022-11-16,-3.2,-5.7,-1.6,0.7,0.0,3.2,1015.7,83.0
2022-11-17,-3.8,-5.4,-2.7,0.6,0.0,3.4,1013.1,83.625
2022-11-18,-5.6,-6.4,-5.1,3.6,0.0,6.9,1010.7,82.625
2022-11-19,-4.6,-7.2,-3.0,0.2,0.0,3.7,1019.0,88.375
2022-11-20,-3.1,-3.9,-1.8,2.2,0.0,2.8,1021.0,87.5
2022-11-21,-3.9,-4.8,-2.7,0.0,0.0,3.4,1021.4,86.125
2022-11-22,-1.9,-5.0,1.1,6.6,0.0,5.8,1011.4,93.625
2022-11-23,0.1,-1.6,1.1,0.6,0.0,4.6,1008.6,95.125
2022-11-24,-4.0,-5.9,-2.3,0.0,0.0,4.2,1019.0,87.0
2022-11-25,-5.7,-6.5,-4.7,0.0,0.0,4.4,1027.7,86.375
2022-11-26,-5.6,-6.3,-4.8,0.0,0.0,5.1,1033.2,90.125
2022-11-27,-4.5,-6.5,-2.8,0.0,0.0,4.9,1035.7,90.25
2022-11-28,-4.4,-5.0,-3.6,0.9,0.0,5.8,1039.3,90.375
2022-11-29,-6.1,-8.8,-4.5,0.0,0.0,4.5,1043.0,85.5
2022-11-30,-8.9,-12.0,-6.5,0.0,0.0,2.4,1044.3,86.125
2022-12-01,-9.5,-13.5,-6.1,0.0,0.0,1.5,1044.7,85.5
2022-12-02,-9.8,-12.4,-6.7,0.0,0.0,2.4,1044.5,83.5
2022-12-03,-10.0,-13.4,-6.7,0.0,0.0,4.8,1047.2,84.625
2022-12-04,-8.7,-10.0,-7.1,0.0,0.0,5.7,1049.3,77.625
2022-12-05,-9.6,-12.1,-6.9,0.0,0.0,3.1,1043.8,70.25
2022-12-06,-7.3,-9.2,-4.4,0.0,0.0,4.6,1033.4,61.75
2022-12-07,-8.0,-9.6,-6.2,0.0,0.0,7.4,1028.2,64.0
2022-12-08,-7.1,-9.1,-4.3,1.9,0.0,8.4,1022.0,82.375
2022-12-09,-3.8,-4.6,-3.2,1.5,0.0,4.1,1020.5,88.125
2022-12-10,-2.4,-3.8,-1.0,10.9,0.0,1.9,1014.4,93.625
2022-12-11,-0.6,-1.3,0.5,9.5,0.0,3.9,1010.4,95.375
2022-12-12,2.6,0.6,3.5,17.5,0.0,8.6,1003.8,93.875
2022-12-13,1.0,-1.1,2.9,5.3,0.0,3.9,1008.0,93.0
2022-12-14,-3.9,-5.2,-1.8,8.6,0.0,3.7,1007.7,90.625
2022-12-15,-5.1,-6.3,-4.2,2.3,0.0,4.1,1020.1,84.0
2022-12-16,-4.4,-6.4,-2.3,1.5,0.0,3.6,1019.8,82.5
2022-12-17,-4.3,-5.3,-3.8,5.0,0.0,4.4,1022.4,87.75
2022-12-18,-6.2,-8.7,-4.4,17.5,0.0,9.5,1017.1,90.25
2022-12-19,-6.2,-10.3,-2.0,0.5,0.0,5.1,1027.8,86.875
2022-12-20,-5.8,-9.8,-2.1,0.0,0.0,3.3,1023.8,78.375
2022-12-21,-5.2,-10.9,-0.9,2.1,0.0,3.2,1017.4,89.5
2022-12-22,1.1,-0.5,1.9,6.0,0.0,3.9,1008.6,93.875
2022-12-23,2.0,1.1,3.0,1.0,0.0,3.5,1007.2,93.5
2022-12-24,2.0,0.7,2.5,4.0,0.0,3.4,1007.8,92.375
2022-12-25,-3.0,-6.2,0.1,0.0,0.0,3.3,1022.6,80.375
2022-12-26,-4.9,-6.2,-3.4,0.0,0.0,2.3,1030.5,75.625
2022-12-27,-4.7,-6.4,-2.2,4.9,0.0,6.3,1020.9,85.125
2022-12-28,-1.5,-1.8,-1.1,3.8,0.0,3.4,1011.3,92.25
2022-12-29,-1.7,-3.0,-0.4,0.4,0.0,2.4,1016.5,89.0
2022-12-30,0.2,-1.7,1.9,2.0,0.0,3.1,1013.5,93.125
2022-12-31,1.4,0.2,1.9,6.9,0.0,2.6,1014.6,94.5
2023-01-01,3.2,1.3,5.5,4.4,0.0,4.1,1007.2,94.625
2023-01-02,0.5,-2.8,6.2,4.0,0.0,6.4,1012.8,80.25
2023-01-03,-0.4,-2.6,2.7,9.8,0.0,3.3,1008.9,89.375
2023-01-04,-2.1,-4.0,2.2,1.1,0.0,6.5,1010.6,84.25
2023-01-05,-6.1,-12.6,-2.0,0.3,0.0,5.1,1008.2,82.375
2023-01-06,-20.8,-23.3,-14.5,0.0,0.0,6.4,1019.7,76.375
2023-01-07,-22.1,-24.8,-19.8,0.0,0.0,3.2,1030.7,77.375
2023-01-08,-16.7,-19.5,-13.8,0.0,0.0,2.1,1033.7,82.0
2023-01-09,-16.8,-18.5,-14.8,0.0,0.0,5.0,1036.9,82.125
2023-01-10,-15.0,-19.0,-11.5,0.2,0.0,8.7,1039.4,75.875
2023-01-11,-10.8,-13.9,-8.5,1.4,0.0,7.6,1036.5,58.5
2023-01-12,-7.5,-8.7,-6.4,0.0,0.0,6.4,1029.1,69.75
2023-01-13,-4.7,-6.1,-3.3,0.0,0.0,5.4,1024.4,81.5
2023-01-14,-2.5,-3.9,-1.6,1.3,0.0,5.7,1023.9,85.5
2023-01-15,-1.9,-2.8,-0.9,0.6,0.0,6.1,1022.9,81.375
2023-01-16,-3.2,-3.9,-2.5,0.0,0.0,8.9,1017.4,82.5
2023-01-17,-0.7,-2.8,1.9,3.1,0.0,8.4,1015.5,88.75
2023-01-18,0.7,-0.1,1.5,1.4,0.0,9.8,1015.7,83.125
2023-01-19,1.6,0.0,2.4,7.8,0.0,8.6,1016.0,93.0
2023-01-20,2.9,1.4,4.1,0.3,0.0,7.7,1019.5,83.375
2023-01-21,-1.3,-4.6,2.2,0.0,0.0,5.7,1031.2,68.875
2023-01-22,-3.4,-5.5,-1.6,0.0,0.0,3.3,1036.7,79.375
2023-01-23,-3.0,-4.5,-1.5,0.0,0.0,2.7,1041.6,83.5
2023-01-24,-1.4,-3.1,-0.1,0.0,0.0,2.6,1037.4,80.625
2023-01-25,-1.1,-1.8,0.1,0.5,0.0,3.5,1030.3,80.75
2023-01-26,-1.7,-2.7,-1.0,0.0,0.0,5.0,1022.2,83.875
2023-01-27,-2.2,-3.3,-1.7,0.3,0.0,3.6,1020.9,85.125
2023-01-28,-3.0,-4.0,-1.5,0.0,0.0,2.3,1024.4,87.25
2023-01-29,-2.4,-3.4,-0.9,0.0,0.0,2.1,1015.7,76.375
2023-01-30,-1.5,-2.6,-0.4,1.7,0.0,5.4,1002.5,84.0
2023-01-31,0.0,-1.5,0.7,0.2,0.0,4.9,999.4,82.875
2023-02-01,0.3,-0.9,1.4,0.2,0.0,4.8,1005.2,85.125
2023-02-02,-0.8,-1.3,0.1,0.0,0.0,6.3,1008.0,79.625
2023-02-03,-0.1,-1.3,1.7,1.7,0.0,4.6,1009.4,88.875
2023-02-04,-0.7,-2.5,0.6,0.0,0.0,1.9,1015.9,88.5
2023-02-05,-2.3,-3.3,-1.1,0.6,0.0,4.6,1026.5,83.375
2023-02-06,-5.1,-8.2,-2.9,0.0,0.0,3.2,1031.9,76.0
2023-02-07,-5.7,-8.4,-2.2,0.0,0.0,0.9,1039.7,74.0
2023-02-08,-5.1,-8.6,-2.6,0.5,0.0,3.5,1041.3,75.0
2023-02-09,-1.6,-2.8,-0.3,0.0,0.0,2.1,1034.7,85.25
2023-02-10,-1.9,-3.6,-0.1,0.2,0.0,5.0,1021.6,69.75
2023-02-11,-1.9,-2.9,-0.9,3.9,0.0,5.8,1012.5,79.0
2023-02-12,-3.9,-7.2,-0.9,2.3,0.0,10.2,1013.1,81.25
2023-02-13,-3.1,-8.4,0.6,2.4,0.0,3.5,1013.6,87.5
2023-02-14,0.4,-0.8,1.1,1.3,0.0,9.4,1009.7,85.25
2023-02-15,-3.0,-4.5,-1.5,0.1,0.0,10.0,1023.2,74.0
2023-02-16,-5.0,-7.4,-3.4,0.0,0.0,4.5,1026.7,79.5
2023-02-17,-6.2,-9.3,-3.9,0.0,0.0,2.7,1025.0,77.0
2023-02-18,-6.7,-8.6,-4.6,0.3,0.0,8.4,1011.5,79.375
2023-02-19,-6.4,-7.6,-5.7,5.2,0.0,7.0,999.2,86.5
2023-02-20,-6.9,-9.2,-5.8,1.3,0.0,3.3,997.9,82.625
2023-02-21,-12.6,-16.7,-10.3,0.0,0.0,5.2,996.9,78.375
2023-02-22,-13.7,-16.6,-11.2,0.0,0.0,8.4,1010.4,73.375
2023-02-23,-11.2,-14.5,-7.1,0.0,0.0,5.9,1018.6,71.0
2023-02-24,-5.9,-9.0,-2.5,1.9,0.0,3.6,1007.8,74.5
2023-02-25,0.5,-2.9,2.6,2.0,0.0,4.6,997.5,89.5
2023-02-26,1.1,-1.7,2.8,5.0,0.0,7.3,996.1,81.625
2023-02-27,-3.4,-5.6,-2.4,0.0,0.0,6.6,1015.6,74.25
2023-02-28,-4.7,-8.2,-1.8,0.6,0.0,6.2,1015.0,83.375
2023-03-01,-4.1,-6.3,-2.1,0.1,0.0,6.9,1010.3,62.375
2023-03-02,-2.8,-4.6,-0.8,1.6,0.0,5.8,1009.0,73.875
2023-03-03,-0.2,-1.4,1.1,0.9,0.0,5.0,1001.8,82.875
2023-03-04,-1.1,-2.9,0.5,2.4,0.0,3.7,994.7,86.75
2023-03-05,-1.8,-3.4,-0.4,2.3,0.0,4.5,991.0,82.5
2023-03-06,-2.6,-4.4,-0.5,0.8,0.0,3.2,999.8,79.25
2023-03-07,-3.1,-5.6,0.6,0.4,0.0,2.8,1004.2,73.25
2023-03-08,-4.0,-10.2,-0.2,2.5,0.0,5.5,1002.7,88.375
2023-03-09,-1.4,-5.0,0.4,0.1,0.0,4.0,998.1,73.875
2023-03-10,-5.5,-6.8,-3.9,0.0,0.0,4.6,1006.1,72.125
2023-03-11,-4.5,-7.7,0.1,3.0,0.0,6.9,1008.4,78.75
2023-03-12,1.7,-3.8,5.5,15.4,0.0,7.7,990.1,95.0
2023-03-13,-3.2,-5.8,-0.6,0.0,0.0,5.5,1009.5,76.5
2023-03-14,1.8,-4.0,5.6,1.8,0.0,7.8,1010.6,73.25
2023-03-15,6.0,3.9,9.2,0.0,0.0,7.2,1011.7,58.375
2023-03-16,2.5,1.2,4.2,4.8,0.0,3.8,1014.0,88.125
2023-03-17,1.7,-2.8,4.6,0.0,0.0,8.7,1025.1,58.0
2023-03-18,-0.5,-7.0,5.7,0.0,0.0,2.5,1035.2,46.625
2023-03-19,-0.9,-7.7,5.1,0.0,0.0,2.3,1028.3,55.625
2023-03-20,1.3,-6.5,8.0,0.0,0.0,1.4,1019.7,64.0
2023-03-21,4.7,0.4,8.7,0.7,0.0,2.3,1011.1,65.625
2023-03-22,4.3,2.2,6.0,0.0,0.0,3.4,1014.1,75.625
2023-03-23,7.4,3.2,11.4,0.0,0.0,4.0,1011.7,60.25
2023-03-24,7.3,5.3,8.7,5.7,0.0,4.0,1003.9,80.625
2023-03-25,7.1,3.5,10.1,3.5,0.0,2.9,1002.2,88.75
2023-03-26,5.9,4.6,7.2,12.4,0.0,1.6,999.9,96.375
2023-03-27,5.6,3.4,8.5,0.7,0.0,2.4,1000.1,87.75
2023-03-28,6.0,0.0,10.1,0.0,0.0,4.3,1009.0,75.125
2023-03-29,6.5,4.3,8.3,3.0,0.0,7.1,1006.9,81.75
2023-03-30,4.3,0.7,6.7,0.0,0.0,4.0,1010.8,85.625
2023-03-31,1.1,-1.6,3.8,1.5,0.0,5.4,1007.9,85.0
2023-04-01,4.1,0.2,8.3,2.5,0.0,2.7,1005.5,81.625
2023-04-02,7.7,5.8,10.4,0.6,0.0,5.3,1011.7,80.75
2023-04-03,9.3,6.1,13.3,0.4,0.0,2.5,1015.0,73.375
2023-04-04,9.5,6.4,13.4,0.8,0.0,3.6,1016.0,76.125
2023-04-05,8.1,3.3,12.8,0.0,0.0,4.8,1020.6,80.25
2023-04-06,8.4,2.9,14.3,0.0,0.0,5.4,1024.6,59.375
2023-04-07,6.7,1.4,11.3,0.0,0.0,4.0,1027.1,45.375
2023-04-08,7.0,0.1,12.6,0.0,0.0,3.0,1028.3,48.25
2023-04-09,9.0,2.9,14.0,0.0,0.0,2.1,1026.9,55.875
2023-04-10,9.2,3.9,14.2,0.4,0.0,2.0,1025.9,61.375
2023-04-11,9.9,4.0,15.4,1.2,0.0,1.7,1021.4,61.375
2023-04-12,11.3,2.9,17.8,0.0,0.0,2.3,1017.0,51.5
2023-04-13,11.6,6.1,17.5,0.0,0.0,5.4,1015.7,43.125
2023-04-14,5.3,1.3,8.9,0.0,0.0,7.6,1022.7,36.25
2023-04-15,4.3,-0.8,9.2,0.0,0.0,5.0,1030.9,25.75
2023-04-16,7.8,0.5,12.8,0.0,0.0,3.4,1031.2,28.375
2023-04-17,10.5,4.9,15.2,0.3,0.0,1.9,1028.3,34.0
2023-04-18,10.6,6.4,13.9,0.1,0.0,2.4,1026.1,53.375
2023-04-19,12.1,6.7,17.0,0.0,0.0,4.6,1026.2,36.625
2023-04-20,11.3,4.3,16.8,0.0,0.0,4.1,1021.9,43.875
2023-04-21,10.7,3.6,16.1,0.0,0.0,5.0,1015.9,38.125
2023-04-22,11.0,4.7,15.9,0.0,0.0,3.8,1012.5,50.375
2023-04-23,12.7,4.3,18.9,0.0,0.0,1.8,1015.5,47.5
2023-04-24,14.8,6.1,21.5,0.0,0.0,2.3,1015.8,42.875
2023-04-25,14.8,9.7,19.0,0.2,0.0,3.3,1012.3,45.875
2023-04-26,12.1,10.1,15.7,8.9,0.0,4.4,1003.9,79.625
2023-04-27,14.2,6.5,20.5,0.7,0.0,2.0,1010.0,65.75
2023-04-28,11.7,7.3,15.7,9.7,0.0,3.4,1012.3,84.0
2023-04-29,7.0,3.4,12.2,13.0,0.0,5.8,1017.1,71.875
2023-04-30,7.7,1.3,13.0,6.0,0.0,3.4,1017.3,72.25
2023-05-01,7.5,4.6,11.1,2.1,0.0,5.1,1011.4,83.75
2023-05-02,9.3,1.3,14.9,0.0,0.0,2.3,1022.6,57.125
2023-05-03,10.9,8.2,14.3,0.7,0.0,3.3,1019.7,56.25
2023-05-04,9.5,3.8,14.6,0.0,0.0,2.0,1023.3,52.125
2023-05-05,6.4,3.0,9.3,0.0,0.0,5.5,1021.8,58.625
2023-05-06,3.1,-0.4,6.5,0.2,0.0,6.2,1024.9,54.125
2023-05-07,4.0,-0.4,8.6,0.0,0.0,4.8,1029.2,52.375
2023-05-08,6.2,-0.6,11.0,0.0,0.0,2.5,1032.3,55.75
2023-05-09,7.9,0.2,14.0,0.0,0.0,1.8,1031.2,51.25
2023-05-10,11.1,3.4,16.0,0.0,0.0,2.1,1025.2,45.375
2023-05-11,12.7,7.5,18.3,1.1,0.0,2.3,1023.1,60.375
2023-05-12,15.0,7.4,21.2,0.0,0.0,2.7,1021.7,53.5
2023-05-13,16.4,9.4,22.3,0.0,0.0,5.2,1021.2,44.25
2023-05-14,14.0,10.3,17.5,0.0,0.0,5.2,1023.7,51.875
2023-05-15,13.7,5.5,19.9,0.0,0.0,2.5,1023.7,57.75
2023-05-16,15.5,8.5,21.8,0.0,0.0,3.3,1022.4,52.25
2023-05-17,17.7,9.2,24.3,0.0,0.0,3.1,1022.3,50.875
2023-05-18,19.1,11.2,26.0,0.0,0.0,2.9,1021.1,53.5
2023-05-19,14.1,10.8,17.1,2.2,0.0,7.1,1024.6,63.625
2023-05-20,11.9,8.0,14.6,0.3,0.0,7.2,1027.0,60.75
2023-05-21,12.8,9.9,17.3,0.1,0.0,3.2,1023.8,73.25
2023-05-22,14.0,8.7,20.0,1.7,0.0,1.6,1022.9,83.625
2023-05-23,15.8,11.0,19.9,1.2,0.0,2.6,1019.3,81.5
2023-05-24,17.8,14.7,21.2,0.3,0.0,2.1,1015.7,71.5
2023-05-25,17.0,13.5,20.6,2.3,0.0,2.2,1015.5,87.5
2023-05-26,19.3,12.5,24.6,0.0,0.0,1.8,1013.9,67.75
2023-05-27,17.3,13.2,20.8,0.0,0.0,6.1,1014.9,52.25
2023-05-28,12.4,9.5,16.3,2.0,0.0,7.1,1017.3,62.25
2023-05-29,15.5,8.8,20.9,0.0,0.0,2.0,1019.5,51.625
2023-05-30,16.9,9.9,22.1,0.0,0.0,1.1,1016.6,50.0
2023-05-31,11.8,10.3,13.1,9.8,0.0,4.8,1013.1,79.5
2023-06-01,15.5,6.3,21.5,0.0,0.0,2.1,1010.8,63.25
2023-06-02,16.3,11.6,24.0,0.0,0.0,2.5,1009.5,63.375
2023-06-03,9.2,6.4,13.5,8.8,0.0,5.6,1012.0,88.125
2023-06-04,10.6,5.7,14.8,0.0,0.0,2.8,1020.3,63.625
2023-06-05,12.9,9.2,16.3,0.6,0.0,2.3,1019.9,65.625
2023-06-06,15.2,9.1,20.3,0.0,0.0,2.6,1020.0,57.5
2023-06-07,17.4,11.5,22.8,0.4,0.0,2.6,1018.6,56.25
2023-06-08,17.3,11.1,22.9,0.0,0.0,2.1,1018.4,60.5
2023-06-09,18.2,12.9,23.5,0.1,0.0,4.2,1016.2,59.5
2023-06-10,13.2,10.2,15.6,0.0,0.0,6.4,1023.7,50.625
2023-06-11,12.4,7.1,16.4,0.0,0.0,5.4,1028.8,43.75
2023-06-12,14.6,8.2,19.4,0.0,0.0,4.9,1027.5,43.125
2023-06-13,16.3,9.4,21.3,0.0,0.0,3.7,1023.9,44.375
2023-06-14,18.6,10.1,24.0,0.0,0.0,3.5,1019.7,46.0
2023-06-15,20.3,11.2,26.3,0.0,0.0,3.2,1017.7,46.875
2023-06-16,21.6,13.7,27.2,0.0,0.0,3.2,1013.9,48.125
2023-06-17,21.3,14.1,26.2,0.0,0.0,3.6,1013.7,48.875
2023-06-18,19.6,14.2,23.7,0.0,0.0,3.2,1017.2,42.75
2023-06-19,17.7,12.9,21.7,0.0,0.0,4.1,1017.5,40.25
2023-06-20,18.1,12.1,23.2,0.6,0.0,5.0,1013.8,53.25
2023-06-21,16.3,9.0,21.4,0.0,0.0,4.4,1017.6,53.25
2023-06-22,18.6,10.6,25.2,0.0,0.0,2.0,1016.2,53.25
2023-06-23,17.1,13.1,20.0,14.9,0.0,2.2,1010.5,79.125
2023-06-24,16.9,14.8,19.1,0.1,0.0,4.6,1011.4,83.875
2023-06-25,18.0,11.4,22.9,0.0,0.0,1.7,1015.4,65.5
2023-06-26,19.9,14.8,24.5,0.1,0.0,2.5,1013.8,55.875
2023-06-27,19.0,15.6,23.3,0.0,0.0,3.0,1010.8,54.625
2023-06-28,17.7,14.2,21.6,3.0,0.0,3.1,1008.4,63.375
2023-06-29,16.9,14.4,19.8,10.9,0.0,3.2,1002.9,84.5
2023-06-30,15.7,13.6,18.0,12.2,0.0,2.5,999.1,88.0
2023-07-01,19.4,13.8,25.1,1.2,0.0,4.2,997.0,70.5
2023-07-02,20.0,17.0,23.5,0.6,0.0,2.8,1000.1,65.75
2023-07-03,20.1,15.7,23.9,1.9,0.0,3.5,1005.1,58.625
2023-07-04,20.6,14.2,25.6,0.0,0.0,1.7,1014.5,51.125
2023-07-05,21.4,15.8,25.2,0.6,0.0,1.6,1017.3,62.75
2023-07-06,23.3,16.2,28.5,0.0,0.0,1.8,1019.0,63.125
2023-07-07,23.3,19.8,26.4,19.8,0.0,2.3,1015.5,71.0
2023-07-08,19.9,17.2,22.7,6.8,0.0,3.8,1014.3,77.375
2023-07-09,19.7,13.8,24.4,0.0,0.0,4.8,1011.6,60.625
2023-07-10,17.4,14.9,20.1,0.4,0.0,10.2,1009.7,72.625
2023-07-11,14.5,12.5,16.8,1.8,0.0,7.6,1010.4,76.25
2023-07-12,13.6,11.4,16.4,0.4,0.0,4.0,1008.6,75.0
2023-07-13,14.2,12.0,17.5,10.6,0.0,2.9,1006.6,88.0
2023-07-14,15.6,13.1,18.8,1.4,0.0,2.6,1008.3,87.5
2023-07-15,16.0,14.4,18.6,6.7,0.0,3.5,1011.0,87.875
2023-07-16,18.5,14.3,23.1,0.3,0.0,4.7,1014.4,75.25
2023-07-17,21.1,14.6,26.7,0.0,0.0,2.1,1014.5,67.25
2023-07-18,20.7,17.0,26.7,19.5,0.0,1.1,1005.9,79.875
2023-07-19,16.4,13.9,19.4,6.6,0.0,6.0,998.6,80.5
2023-07-20,17.0,13.2,20.8,0.1,0.0,4.4,1003.2,69.0
2023-07-21,17.1,12.7,20.9,0.0,0.0,2.4,1006.2,64.75
2023-07-22,18.1,13.4,23.0,0.0,0.0,2.5,1010.1,61.625
2023-07-23,17.5,14.3,20.6,7.5,0.0,2.3,1009.5,75.125
2023-07-24,15.9,13.1,18.0,2.0,0.0,1.9,1007.9,87.875
2023-07-25,19.0,13.2,23.8,0.3,0.0,1.4,1004.4,80.75
2023-07-26,20.6,17.5,23.9,5.9,0.0,2.5,1000.2,90.5
2023-07-27,20.4,16.7,24.1,0.0,0.0,2.7,1004.5,78.375
2023-07-28,20.3,16.7,23.2,15.9,0.0,2.7,1001.8,93.125
2023-07-29,15.8,14.3,17.2,9.3,0.0,4.9,1005.9,90.375
2023-07-30,17.9,12.7,23.3,0.1,0.0,4.0,1007.0,74.75
2023-07-31,19.6,13.1,25.1,0.0,0.0,1.9,1008.8,68.875
2023-08-01,21.1,15.0,26.4,0.0,0.0,1.6,1010.4,69.875
2023-08-02,21.2,16.4,26.2,0.3,0.0,2.3,1010.1,77.875
2023-08-03,23.0,18.0,27.8,0.1,0.0,2.3,1008.8,75.125
2023-08-04,23.8,19.5,28.0,0.1,0.0,2.0,1010.8,70.5
2023-08-05,23.6,17.0,29.2,0.0,0.0,1.4,1017.4,66.0
2023-08-06,25.5,19.0,31.6,0.0,0.0,2.4,1017.7,66.875
2023-08-07,25.4,19.6,30.0,0.0,0.0,5.0,1013.1,58.375
2023-08-08,22.7,19.7,25.9,0.4,0.0,3.3,1009.1,68.25
2023-08-09,20.8,17.9,24.3,2.6,0.0,3.4,1013.1,70.0
2023-08-10,20.1,15.2,24.8,0.0,0.0,3.3,1021.9,67.625
2023-08-11,20.4,15.2,25.3,2.4,0.0,2.0,1021.8,81.5
2023-08-12,21.1,19.1,24.2,2.9,0.0,3.0,1017.0,85.875
2023-08-13,19.1,17.1,21.9,4.9,0.0,3.2,1014.2,87.375
2023-08-14,19.4,17.0,23.0,0.5,0.0,2.4,1016.5,89.5
2023-08-15,20.8,15.8,25.4,0.1,0.0,3.5,1020.8,74.5
2023-08-16,20.7,14.8,25.9,0.0,0.0,3.4,1023.7,69.875
2023-08-17,21.4,14.7,27.6,0.0,0.0,2.4,1023.4,69.0
2023-08-18,21.6,16.2,26.6,1.0,0.0,1.9,1024.0,81.625
2023-08-19,21.9,17.6,27.2,0.0,0.0,2.8,1024.6,75.25
2023-08-20,20.7,17.9,25.6,8.3,0.0,2.1,1018.7,84.875
2023-08-21,17.4,13.3,21.3,0.0,0.0,4.7,1016.9,67.875
2023-08-22,16.0,11.7,19.6,0.5,0.0,1.1,1011.7,75.375
2023-08-23,15.6,12.7,19.5,4.8,0.0,1.7,1009.9,88.5
2023-08-24,14.1,11.4,16.4,0.5,0.0,2.7,1012.7,84.125
2023-08-25,14.2,8.9,19.2,0.0,0.0,1.2,1015.8,71.875
2023-08-26,14.3,9.2,19.0,0.0,0.0,1.1,1015.7,81.625
2023-08-27,16.2,12.0,21.1,0.0,0.0,2.4,1011.4,82.75
2023-08-28,16.0,11.0,20.3,0.0,0.0,1.9,1011.8,72.875
2023-08-29,14.2,10.6,17.4,0.3,0.0,1.5,1014.0,73.75
2023-08-30,16.8,13.0,21.6,0.0,0.0,2.2,1015.3,77.375
2023-08-31,19.1,13.1,25.2,0.0,0.0,2.7,1015.5,70.75
2023-09-01,20.7,14.6,26.6,0.0,0.0,2.1,1015.2,66.375
2023-09-02,17.5,14.4,20.7,5.1,0.0,0.7,1016.5,84.625
2023-09-03,17.0,13.3,21.6,0.0,0.0,1.3,1019.8,80.5
2023-09-04,16.1,11.1,21.8,0.3,0.0,2.3,1022.0,78.75
2023-09-05,16.2,10.3,22.4,0.0,0.0,1.4,1023.1,74.375
2023-09-06,16.3,12.3,20.6,0.1,0.0,4.0,1016.4,64.0
2023-09-07,12.5,8.9,16.6,0.0,0.0,7.1,1022.5,63.125
2023-09-08,11.9,9.9,14.0,0.7,0.0,6.4,1018.2,72.25
2023-09-09,12.0,7.3,15.7,0.0,0.0,5.9,1022.2,77.875
2023-09-10,13.7,10.1,18.1,0.0,0.0,2.9,1022.5,83.625
2023-09-11,13.4,8.4,19.6,0.0,0.0,1.0,1019.2,82.875
2023-09-12,13.4,7.2,19.3,0.0,0.0,0.9,1021.1,76.5
2023-09-13,13.4,7.4,19.5,0.0,0.0,1.2,1022.4,78.75
2023-09-14,13.8,7.5,19.7,0.0,0.0,1.7,1020.5,74.875
2023-09-15,14.1,8.5,19.9,0.3,0.0,0.9,1020.9,72.375
2023-09-16,12.1,7.2,14.5,0.0,0.0,3.8,1027.1,79.875
2023-09-17,11.2,4.6,17.4,0.0,0.0,1.0,1027.7,78.125
2023-09-18,13.0,9.3,16.8,0.0,0.0,2.1,1021.6,84.375
2023-09-19,13.7,7.9,19.5,0.0,0.0,1.7,1019.5,87.125
2023-09-20,18.0,12.3,24.3,0.0,0.0,2.3,1016.0,62.0
2023-09-21,17.7,15.1,20.4,0.0,0.0,1.2,1018.8,75.0
2023-09-22,18.1,13.2,24.5,0.0,0.0,1.3,1023.9,71.125
2023-09-23,17.5,11.7,24.3,0.0,0.0,2.5,1024.7,58.25
2023-09-24,18.7,12.1,24.1,0.0,0.0,2.3,1023.0,46.875
2023-09-25,15.8,9.9,20.9,3.9,0.0,3.5,1027.9,75.875
2023-09-26,11.8,6.9,17.8,0.0,0.0,0.5,1033.1,84.0
2023-09-27,12.5,6.3,19.7,0.0,0.0,0.7,1030.9,79.625
2023-09-28,14.6,7.8,21.9,0.0,0.0,1.1,1027.0,73.25
2023-09-29,16.7,10.4,23.2,0.0,0.0,0.9,1023.0,74.125
2023-09-30,16.3,9.7,22.3,0.0,0.0,1.2,1017.5,73.125
2023-10-01,14.1,10.7,17.0,1.3,0.0,2.7,1012.0,71.875
2023-10-02,10.9,8.7,13.4,0.0,0.0,2.2,1015.1,83.75
2023-10-03,11.9,7.9,15.2,0.0,0.0,2.2,1017.5,72.375
2023-10-04,14.4,12.1,17.7,2.7,0.0,5.1,1008.6,71.375
2023-10-05,11.2,8.7,13.7,0.2,0.0,2.8,1011.8,80.375
2023-10-06,9.1,4.2,11.4,6.4,0.0,5.1,1004.3,86.375
2023-10-07,4.8,0.2,9.2,10.1,0.0,3.9,996.1,88.375
2023-10-08,4.3,1.5,7.4,6.1,0.0,6.9,984.1,84.625
2023-10-09,3.1,1.7,4.3,0.9,0.0,7.2,998.3,89.375
2023-10-10,2.4,1.5,4.3,1.8,0.0,5.4,1011.6,82.125
2023-10-11,3.7,-1.6,7.3,0.0,0.0,3.3,1019.4,72.375
2023-10-12,9.3,5.4,12.0,3.0,0.0,5.6,1002.3,81.25
2023-10-13,9.6,7.3,11.9,0.0,0.0,4.7,1008.2,71.0
2023-10-14,10.2,5.8,14.5,4.6,0.0,3.4,1008.5,81.875
2023-10-15,11.7,8.8,14.6,6.2,0.0,3.0,1002.2,83.625
2023-10-16,7.3,5.4,9.2,3.7,0.0,1.9,1002.7,88.25
2023-10-17,3.8,2.1,5.5,1.8,0.0,6.3,1003.2,84.5
2023-10-18,4.9,3.6,6.2,3.4,0.0,2.8,1007.0,84.75
2023-10-19,5.4,4.8,5.8,3.1,0.0,0.9,1007.5,92.25
2023-10-20,4.5,3.6,5.6,0.6,0.0,2.5,1011.7,94.75
2023-10-21,2.1,-1.2,3.8,0.0,0.0,4.6,1019.5,87.625
2023-10-22,1.7,-1.4,4.2,0.5,0.0,2.5,1020.9,89.25
2023-10-23,4.4,2.6,6.1,9.5,0.0,3.5,1004.8,96.625
2023-10-24,1.3,-0.4,2.7,0.8,0.0,7.3,1011.3,85.0
2023-10-25,-1.0,-2.7,0.3,0.0,0.0,2.4,1019.3,62.875
2023-10-26,-1.2,-2.5,-0.1,0.0,0.0,5.5,1017.1,59.5
2023-10-27,-1.4,-2.6,-0.8,5.9,0.0,5.1,1006.4,89.875
2023-10-28,-0.3,-1.1,0.4,2.9,0.0,4.1,997.3,94.75
2023-10-29,0.3,-0.2,0.8,0.2,0.0,5.3,1005.4,91.0
2023-10-30,2.0,-0.6,7.8,7.3,0.0,2.8,1011.2,93.75
2023-10-31,8.5,7.1,10.5,0.0,0.0,2.7,1012.2,91.75
2023-11-01,12.1,8.8,15.8,0.0,0.0,3.3,1005.9,85.25
2023-11-02,8.0,3.0,13.3,3.1,0.0,6.2,1004.1,87.0
2023-11-03,3.1,1.4,5.8,0.0,0.0,2.2,1015.9,75.875
2023-11-04,3.4,1.0,6.7,1.3,0.0,6.1,1015.2,85.875
2023-11-05,9.6,5.6,12.6,1.6,0.0,8.5,1002.9,85.375
2023-11-06,9.9,8.2,11.0,7.0,0.0,4.6,996.9,91.5
2023-11-07,9.1,8.0,9.9,1.1,0.0,3.9,1002.7,86.75
2023-11-08,7.6,5.1,9.0,0.4,0.0,2.6,1010.2,85.875
2023-11-09,5.7,4.1,7.7,0.1,0.0,2.6,1009.8,88.5
2023-11-10,6.0,5.2,7.0,0.0,0.0,2.5,1016.6,84.375
2023-11-11,5.7,4.6,7.8,0.0,0.0,4.3,1016.7,79.875
2023-11-12,4.4,3.3,7.8,8.7,0.0,6.6,1002.5,89.625
2023-11-13,5.0,3.2,8.0,6.6,0.0,5.0,994.2,87.125
2023-11-14,3.5,2.1,4.8,5.3,0.0,4.2,1000.6,90.5
2023-11-15,2.5,1.4,3.7,0.0,0.0,1.4,1003.5,88.125
2023-11-16,0.7,-0.9,2.6,0.7,0.0,3.8,1010.2,88.375
2023-11-17,-3.3,-5.1,-1.6,0.0,0.0,5.4,1020.7,73.0
2023-11-18,-6.1,-8.6,-4.0,0.0,0.0,1.3,1027.2,81.125
2023-11-19,-6.8,-8.5,-5.4,0.0,0.0,1.6,1024.5,81.0
2023-11-20,-7.0,-8.1,-5.9,0.0,0.0,4.2,1018.1,77.625
2023-11-21,-8.2,-8.9,-7.4,0.0,0.0,8.6,1014.4,74.25
2023-11-22,-8.4,-9.4,-7.7,0.1,0.0,7.1,1017.9,77.25
2023-11-23,-7.5,-8.4,-6.6,1.7,0.0,4.5,1004.7,76.0
2023-11-24,-6.3,-7.4,-5.4,3.0,0.0,3.9,978.9,87.75
2023-11-25,-6.0,-7.3,-4.2,3.2,0.0,2.4,992.6,84.75
2023-11-26,-4.2,-5.3,-2.8,1.1,0.0,3.6,1003.5,84.75
2023-11-27,-1.2,-5.4,2.3,18.7,0.0,7.3,988.4,90.75
2023-11-28,-3.4,-5.7,-0.8,0.0,0.0,5.5,1000.2,77.125
2023-11-29,-4.7,-7.4,-2.1,1.0,0.0,5.4,1013.1,78.0
2023-11-30,-2.3,-4.2,-0.2,4.4,0.0,5.6,1005.0,86.125
2023-12-01,-4.1,-5.2,-3.1,2.4,0.0,3.7,1007.0,81.75
2023-12-02,-4.5,-6.1,-3.2,0.0,0.0,1.3,1008.1,85.375
2023-12-03,-5.3,-6.7,-3.6,8.8,0.0,4.2,1010.2,87.75
2023-12-04,-7.2,-8.7,-6.4,0.7,0.0,4.6,1011.3,85.625
2023-12-05,-10.1,-12.8,-8.1,0.0,0.0,1.5,1021.7,87.5
2023-12-06,-9.9,-12.3,-8.7,0.0,0.0,1.3,1031.6,85.25
2023-12-07,-10.6,-12.4,-9.3,0.0,0.0,2.7,1039.1,82.375
2023-12-08,-13.1,-14.4,-11.9,0.0,0.0,4.6,1039.9,80.125
2023-12-09,-14.3,-15.3,-13.2,1.4,0.0,5.5,1035.4,80.125
2023-12-10,-11.8,-13.9,-9.3,0.6,0.0,5.5,1029.7,82.625
2023-12-11,-7.7,-9.1,-6.7,1.2,0.0,6.7,1025.1,83.875
2023-12-12,-6.7,-8.2,-6.0,3.2,0.0,7.5,1019.9,83.5
2023-12-13,-10.3,-11.6,-8.7,1.6,0.0,7.6,1022.2,79.625
2023-12-14,-10.6,-11.6,-9.6,5.4,0.0,6.3,1023.4,81.25
2023-12-15,-8.2,-9.7,-6.9,11.8,0.0,4.1,1013.2,87.125
2023-12-16,-7.4,-11.5,-3.4,0.0,0.0,3.5,1020.3,85.625
2023-12-17,-1.2,-4.0,1.5,2.4,0.0,4.8,1011.1,86.875
2023-12-18,0.8,-1.5,2.8,0.0,0.0,4.1,1009.1,85.75
2023-12-19,2.9,1.7,4.1,1.5,0.0,4.6,1004.8,92.125
2023-12-20,3.4,2.4,4.0,0.6,0.0,3.8,999.1,89.0
2023-12-21,1.5,0.2,2.3,6.6,0.0,2.2,995.8,90.625
2023-12-22,0.7,-0.2,1.5,0.0,0.0,6.7,991.3,84.125
2023-12-23,1.6,0.6,2.5,2.7,0.0,4.3,985.3,88.375
2023-12-24,-0.4,-1.4,0.4,3.0,0.0,1.9,987.2,87.625
2023-12-25,-1.1,-1.7,-0.4,0.5,0.0,3.4,992.1,79.125
2023-12-26,-0.7,-2.0,0.6,1.5,0.0,3.6,989.8,87.125
2023-12-27,-1.8,-3.0,-0.6,0.1,0.0,1.8,999.2,81.25
2023-12-28,-2.5,-3.9,-1.6,0.0,0.0,3.9,1011.2,79.125
2023-12-29,-1.4,-4.2,1.9,1.4,0.0,2.6,1004.5,86.875
2023-12-30,2.3,1.5,2.9,8.6,0.0,2.8,999.7,93.875
2023-12-31,-0.8,-8.9,2.2,1.0,0.0,4.9,1000.0,88.75
2024-01-01,-12.8,-15.7,-10.5,0.0,0.0,6.0,1015.5,73.75
2024-01-02,-19.1,-22.2,-15.8,0.0,0.0,4.9,1017.6,76.5
2024-01-03,-24.2,-26.3,-21.6,0.0,0.0,5.0,1016.8,75.625
2024-01-04,-25.1,-27.1,-22.3,0.0,0.0,3.5,1012.7,74.375
2024-01-05,-22.4,-25.6,-18.9,0.0,0.0,2.0,1013.7,75.375
2024-01-06,-17.2,-19.6,-14.8,2.3,0.0,2.3,1014.8,79.5
2024-01-07,-21.5,-24.2,-17.4,0.0,0.0,4.1,1026.1,76.375
2024-01-08,-19.1,-24.0,-14.1,0.7,0.0,2.1,1028.2,79.0
2024-01-09,-8.8,-12.7,-5.2,3.4,0.0,4.5,1017.3,83.375
2024-01-10,-7.7,-11.2,-3.0,2.0,0.0,4.1,1012.7,83.125
2024-01-11,-5.7,-10.7,-0.2,6.5,0.0,8.5,996.5,87.25
2024-01-12,-13.4,-17.9,-10.5,0.2,0.0,8.4,1008.1,71.625
2024-01-13,-20.0,-23.7,-15.8,0.0,0.0,1.9,1016.7,73.25
2024-01-14,-16.1,-22.3,-10.7,0.2,0.0,4.3,1007.7,78.875
2024-01-15,-5.1,-10.4,-2.1,1.5,0.0,6.0,994.5,87.5
2024-01-16,-1.9,-3.2,-1.0,0.3,0.0,4.4,991.8,82.0
2024-01-17,-8.9,-12.9,-2.8,0.4,0.0,4.9,1003.3,75.125
2024-01-18,-11.4,-15.7,-6.3,8.8,0.0,6.2,1010.5,81.0
2024-01-19,-6.1,-8.6,-4.0,2.3,0.0,1.9,1001.7,88.875
2024-01-20,-6.7,-9.7,-4.5,0.0,0.0,2.8,1014.5,86.25
2024-01-21,-11.4,-15.6,-7.3,0.0,0.0,2.4,1028.4,83.125
2024-01-22,-8.5,-13.4,-5.5,0.0,0.0,3.7,1032.4,77.875
2024-01-23,-4.2,-5.7,-2.7,2.5,0.0,6.7,1020.1,78.25
2024-01-24,-0.8,-2.8,1.2,1.0,0.0,3.8,1012.8,87.125
2024-01-25,-0.2,-2.0,1.2,1.5,0.0,6.2,1003.7,88.375
2024-01-26,-3.3,-4.1,-2.5,2.5,0.0,2.6,1010.8,88.5
2024-01-27,-4.8,-5.8,-3.9,0.0,0.0,2.7,1019.8,86.625
2024-01-28,-4.5,-6.0,-3.0,0.0,0.0,1.7,1030.8,84.25
2024-01-29,-3.2,-5.0,-1.6,0.0,0.0,3.5,1033.9,85.5
2024-01-30,0.3,-1.7,1.9,0.0,0.0,3.6,1028.5,86.5
2024-01-31,-0.3,-2.0,0.9,0.0,0.0,1.9,1024.0,88.875
2024-02-01,1.0,-0.3,1.9,0.8,0.0,3.6,1007.1,90.375
2024-02-02,-0.7,-2.9,0.9,1.1,0.0,5.4,999.2,81.25
2024-02-03,-3.3,-6.5,-1.0,0.1,0.0,4.3,997.1,78.25
2024-02-04,0.2,-1.5,1.5,5.4,0.0,4.7,985.2,89.625
2024-02-05,-1.6,-3.3,-0.2,0.0,0.0,2.9,985.8,83.0
2024-02-06,-3.1,-5.0,-1.3,0.5,0.0,3.1,992.8,85.75
2024-02-07,-6.4,-10.2,-5.0,6.9,0.0,3.5,990.1,92.0
2024-02-08,-12.3,-15.0,-8.8,0.6,0.0,6.0,996.4,78.75
2024-02-09,-12.3,-15.5,-8.1,0.0,0.0,3.6,1006.0,71.125
2024-02-10,-13.2,-16.5,-9.8,0.0,0.0,2.0,1017.6,76.875
2024-02-11,-10.3,-14.7,-5.9,0.0,0.0,4.6,1020.8,76.625
2024-02-12,-4.0,-6.2,-2.1,4.1,0.0,3.3,1013.4,89.375
2024-02-13,-5.4,-9.2,-2.5,0.0,0.0,4.2,1019.3,86.75
2024-02-14,-10.8,-13.9,-8.4,0.0,0.0,5.4,1030.0,78.875
2024-02-15,-11.2,-12.4,-9.9,7.5,0.0,6.1,1033.4,81.75
2024-02-16,-8.5,-9.8,-7.2,2.2,0.0,3.8,1034.5,84.875
2024-02-17,-4.5,-8.4,-0.9,0.0,0.0,5.9,1026.5,80.875
2024-02-18,-1.3,-3.6,0.4,6.1,0.0,5.7,1017.3,83.0
2024-02-19,-5.4,-8.8,-3.7,0.0,0.0,3.6,1027.8,77.0
2024-02-20,-8.8,-13.9,-5.0,0.0,0.0,2.5,1029.0,81.5
2024-02-21,-5.4,-8.5,-3.1,0.0,0.0,5.9,1024.6,77.375
2024-02-22,-3.1,-4.6,-1.5,0.0,0.0,6.5,1020.5,83.75
2024-02-23,-0.5,-3.0,1.6,1.5,0.0,7.4,1021.3,88.125
2024-02-24,1.2,-0.1,2.0,0.7,0.0,8.5,1026.5,84.25
2024-02-25,0.5,-0.6,2.2,1.0,0.0,7.9,1028.2,82.5
2024-02-26,-1.0,-2.3,0.4,0.0,0.0,7.7,1027.4,62.375
2024-02-27,-0.9,-4.0,3.0,0.0,0.0,4.8,1028.6,66.5
2024-02-28,-0.1,-4.3,4.4,0.0,0.0,4.0,1026.9,66.0
2024-02-29,1.8,-1.3,4.6,0.0,0.0,2.9,1024.5,67.5
2024-03-01,2.5,1.3,4.3,0.0,0.0,0.7,1027.7,78.125
2024-03-02,1.6,-1.1,4.5,0.0,0.0,2.3,1030.7,80.625
2024-03-03,0.6,-4.0,5.6,0.0,0.0,2.9,1032.4,66.75
2024-03-04,-0.8,-5.3,3.9,0.0,0.0,1.9,1027.7,67.875
2024-03-05,-2.1,-4.3,0.5,0.0,0.0,4.7,1025.1,68.625
2024-03-06,-4.5,-9.3,-0.9,0.0,0.0,3.4,1028.9,57.25
2024-03-07,-3.6,-10.4,2.9,0.0,0.0,2.1,1024.0,56.25
2024-03-08,-2.5,-5.6,0.0,0.0,0.0,5.3,1016.3,78.875
2024-03-09,-3.7,-6.1,-1.6,0.0,0.0,6.7,1018.3,59.125
2024-03-10,-6.0,-8.1,-3.3,0.0,0.0,3.6,1021.5,59.0
2024-03-11,-2.9,-9.6,2.9,0.0,0.0,3.9,1025.1,66.5
2024-03-12,0.6,-2.3,4.1,0.0,0.0,4.0,1025.7,59.375
2024-03-13,-0.6,-6.1,4.7,0.0,0.0,2.3,1026.8,62.375
2024-03-14,0.7,-4.6,5.8,0.0,0.0,3.0,1023.8,57.25
2024-03-15,2.5,-2.1,6.5,0.0,0.0,3.0,1021.3,69.5
2024-03-16,4.1,0.7,7.7,0.0,0.0,3.1,1021.1,73.375
2024-03-17,3.0,-2.4,6.5,0.0,0.0,3.2,1017.6,73.0
2024-03-18,3.2,2.1,5.3,0.0,0.0,2.6,1018.6,76.625
2024-03-19,2.1,0.8,4.2,0.0,0.0,2.7,1024.2,82.25
2024-03-20,2.2,-2.4,7.4,0.0,0.0,2.1,1026.0,69.875
2024-03-21,2.8,-3.7,8.9,0.0,0.0,1.5,1025.0,53.625
2024-03-22,3.1,-3.6,8.8,0.0,0.0,2.5,1017.4,56.5
2024-03-23,3.9,2.7,4.7,3.1,0.0,3.6,1003.2,85.0
2024-03-24,4.1,2.8,5.8,3.9,0.0,3.7,1000.1,94.625
2024-03-25,4.0,0.6,6.1,0.0,0.0,3.1,1004.5,75.875
2024-03-26,3.0,-1.9,7.8,0.0,0.0,2.3,1011.9,66.0
2024-03-27,4.2,-1.7,8.6,0.0,0.0,3.0,1015.6,59.0
2024-03-28,5.0,-2.3,10.7,0.0,0.0,3.5,1015.8,57.25
2024-03-29,6.2,4.4,9.3,0.1,0.0,4.9,1006.4,65.375
2024-03-30,8.3,5.2,11.9,2.4,0.0,3.7,1010.1,70.875
2024-03-31,10.4,4.1,16.0,0.0,0.0,2.9,1015.3,63.75
2024-04-01,15.2,8.7,21.5,0.0,0.0,5.1,1009.6,57.375
2024-04-02,17.1,9.3,22.6,0.0,0.0,3.8,1002.8,58.0
2024-04-03,13.1,6.6,17.5,0.0,0.0,7.4,993.4,58.25
2024-04-04,4.2,0.3,6.3,0.4,0.0,5.9,1006.7,72.125
2024-04-05,0.4,-2.9,4.1,0.0,0.0,5.3,1020.9,59.0
2024-04-06,4.0,0.9,7.9,0.8,0.0,4.1,1017.9,65.0
2024-04-07,9.1,2.4,14.5,0.3,0.0,1.7,1017.9,77.125
2024-04-08,12.9,8.9,17.3,2.8,0.0,3.6,1016.9,72.75
2024-04-09,14.5,10.7,18.2,3.5,0.0,2.0,1016.5,80.75
2024-04-10,15.5,9.7,21.7,0.2,0.0,2.6,1018.2,84.125
2024-04-11,15.0,10.5,17.5,0.3,0.0,3.8,1018.6,59.75
2024-04-12,11.0,8.1,14.2,2.4,0.0,5.3,1014.9,59.0
2024-04-13,9.7,4.6,13.0,0.0,0.0,3.9,1013.9,60.625
2024-04-14,10.4,5.1,13.7,3.9,0.0,2.5,1007.5,74.0
2024-04-15,8.0,5.2,10.2,4.4,0.0,5.9,997.0,75.0
2024-04-16,8.5,5.5,12.9,0.6,0.0,4.4,999.5,67.5
2024-04-17,9.6,6.6,11.4,4.6,0.0,2.2,999.3,63.875
2024-04-18,7.2,3.8,11.1,6.5,0.0,3.6,1005.7,81.375
2024-04-19,8.7,5.4,14.6,4.5,0.0,7.5,996.5,81.375
2024-04-20,7.2,3.0,11.9,0.3,0.0,4.4,1015.5,58.5
2024-04-21,10.8,3.8,17.4,0.8,0.0,4.7,1019.0,57.25
2024-04-22,13.5,9.3,17.1,4.7,0.0,6.1,1011.9,64.75
2024-04-23,9.1,6.1,12.7,0.0,0.0,3.5,1019.6,58.625
2024-04-24,8.8,2.6,13.2,0.0,0.0,3.3,1020.4,54.75
2024-04-25,14.6,10.1,20.6,5.3,0.0,5.3,1009.8,57.125
2024-04-26,16.0,11.0,21.5,8.7,0.0,3.4,1009.6,69.5
2024-04-27,13.1,9.5,16.7,19.8,0.0,4.1,1015.8,87.75
2024-04-28,11.2,5.5,15.4,0.0,0.0,2.6,1027.3,66.125
2024-04-29,13.0,5.7,19.0,0.0,0.0,3.1,1031.1,55.75
2024-04-30,16.0,7.3,22.4,0.0,0.0,3.7,1029.9,49.875
2024-05-01,15.5,11.1,19.1,0.0,0.0,5.2,1022.6,47.125
2024-05-02,9.2,7.0,11.5,0.0,0.0,6.7,1019.4,55.75
2024-05-03,6.0,3.1,9.2,0.0,0.0,6.6,1018.7,41.75
2024-05-04,7.9,0.8,13.4,0.1,0.0,3.4,1014.3,45.875
2024-05-05,9.5,6.0,12.0,8.1,0.0,7.5,1004.7,71.75
2024-05-06,6.4,2.8,8.8,0.0,0.0,3.0,1010.2,69.125
2024-05-07,2.4,0.1,5.3,5.5,0.0,6.8,1007.9,81.25
2024-05-08,2.9,-0.7,5.3,4.1,0.0,7.3,1014.3,64.125
2024-05-09,1.6,-1.1,5.9,0.8,0.0,7.3,1018.7,67.625
2024-05-10,7.1,2.1,12.0,0.9,0.0,4.2,1011.5,53.375
2024-05-11,7.4,5.2,10.6,1.8,0.0,7.4,1008.1,66.0
2024-05-12,4.2,2.6,6.0,0.0,0.0,5.9,1018.0,64.375
2024-05-13,5.4,1.7,8.2,0.0,0.0,2.6,1021.7,53.0
2024-05-14,7.3,0.8,12.7,0.0,0.0,1.9,1022.8,64.0
2024-05-15,10.8,4.3,15.9,0.0,0.0,1.4,1025.5,62.875
2024-05-16,13.8,5.0,20.1,0.6,0.0,2.2,1022.6,58.375
2024-05-17,16.2,11.8,20.8,4.1,0.0,5.0,1016.5,62.625
2024-05-18,14.9,10.0,20.0,0.0,0.0,3.6,1020.0,46.125
2024-05-19,14.9,9.4,19.6,0.0,0.0,3.0,1019.4,46.25
2024-05-20,17.9,10.8,24.5,0.0,0.0,2.1,1016.1,46.125
2024-05-21,18.5,13.7,23.7,7.4,0.0,2.0,1017.8,56.625
2024-05-22,17.6,12.1,22.6,0.0,0.0,4.1,1021.3,43.75
2024-05-23,15.3,10.4,20.0,0.0,0.0,3.5,1028.1,36.0
2024-05-24,15.9,9.2,21.5,0.0,0.0,1.7,1031.8,40.25
2024-05-25,17.6,10.0,23.9,0.0,0.0,2.0,1028.3,37.375
2024-05-26,18.1,11.0,24.3,2.2,0.0,3.3,1024.4,59.0
2024-05-27,18.0,11.4,22.8,0.0,0.0,2.7,1027.4,47.5
2024-05-28,19.6,11.3,25.4,0.0,0.0,1.7,1023.6,47.125
2024-05-29,21.6,13.6,28.0,0.0,0.0,1.5,1017.3,49.75
2024-05-30,22.6,15.9,27.9,0.0,0.0,1.9,1014.1,51.125
2024-05-31,22.6,15.8,29.8,0.0,0.0,2.7,1015.0,52.875
